0.0,2.0,0.0,0.0
0.0,2.0,1.0,0.0
0.0,2.0,1.0,0.0
0.0,2.0,1.0,0.0
0.0,2.0,1.0,0.0
0.0,2.0,0.0,0.0
0.0,2.0,0.0,0.0
0.0,2.0,0.0,0.0
0.0,2.0,0.0,0.0
0.0,2.0,0.0,1.0
0.0,2.0,1.0,1.0
0,0.0,1.0,1.0
0,0.0,1.0,1.0
0.0,0.0,1.0,0.0
0.0,0.0,1.0,0.0
0.0,0.0,1.0,0.0
0.0,0.0,1.0,0.0
0.0,0.0,1.0,0.0
0.0,0.0,1.0,0.0
0.0,0.0,1.0,0.0
0.0,0.0,1.0,0.0
0.0,0.0,1.0,0.0
0.0,0.0,1.0,0.0
0.0,0.0,1.0,0.0
0.0,0.0,1.0,0.0
0.0,0.0,1.0,0.0
0.0,0.0,1.0,0.0
0.0,0.0,1.0,0.0
0.0,0.0,1.0,0.0
0.0,0,1.0,0.0
0.0,0.0,1.0,0.0
0.0,0.0,1.0,0.0
0.0,0.0,1.0,0.0
0.0,0.0,1.0,0.0
0.0,0.0,1.0,0.0
0.0,0.0,1.0,0.0
0.0,0.0,2.0,0.0
0.0,0.0,2.0,0.0
4.0,0.0,2.0,0.0
0,0.0,2.0,0.0
0,0.0,2.0,0.0
0,0.0,2.0,0.0
0,0.0,2.0,0.0
0,0.0,2.0,0.0
0,0.0,2.0,0.0
0,0.0,2.0,0.0
-4.0,0.0,2.0,0.0
-4.0,0.0,2.0,0.0
-2.0,0.0,2.0,0.0
2.0,0.0,2.0,0.0
2.0,0.0,2.0,0.0
2.0,0.0,1.0,0.0
2.0,0.0,2.0,0.0
2.0,0.0,2.0,0.0
2.0,0.0,2.0,0.0
2.0,0.0,2.0,0.0
2.0,0.0,0.0,0.0
2.0,0.0,1.0,0.0
2.0,0.0,1.0,0.0
2.0,0.0,-3.0,0.0
2.0,0.0,-3.0,0.0
2.0,0.0,-4.0,0.0
2.0,0.0,-4.0,0.0
2.0,0.0,0.0,0.0
0,0.0,0.0,0.0
0,0.0,0.0,0.0
-2.0,0.0,-1.0,-1.0
-2.0,0.0,-1.0,-1.0
-2.0,0.0,-11.0,-1.0
0.0,0.0,-6.0,-1.0
0.0,0.0,-6.0,0.0
0.0,0.0,-6.0,-1.0
0.0,0.0,4.0,-1.0
0.0,0.0,2.0,1.0
0.0,0.0,2.0,1.0
0.0,-1.0,2.0,1.0
0.0,-1.0,2.0,1.0
0.0,1.0,2.0,1.0
0.0,2.0,2.0,-3.0
0.0,2.0,2.0,1.0
0.0,2.0,-8.0,2.0
0.0,2.0,-10.0,1.0
0.0,2.0,-10.0,-2.0
0.0,2.0,-10.0,-2.0
0.0,2.0,-10.0,-2.0
0,2.0,0.0,-1.0
0.0,2.0,0,0.0
0.0,2.0,0.0,0.0
0.0,2.0,0.0,0.0
0.0,2.0,1.0,0.0
0.0,6.0,1.0,0.0
0.0,2.0,5.0,0.0
0.0,0.0,1.0,0.0
0.0,0.0,1.0,0.0
0.0,0.0,1.0,0.0
-9.0,0.0,0.0,1.0
-8.0,1.0,0.0,1.0
-8.0,2.0,0.0,1.0
-8.0,2.0,0.0,1.0
-8.0,2.0,0.0,2.0
-8.0,2.0,4.0,2.0
-8.0,2.0,0.0,2.0
-8.0,2.0,0.0,2.0
2.0,2.0,0.0,2.0
2.0,2.0,0.0,0.0
2.0,0.0,0.0,5.0
-8.0,0.0,0.0,5.0
-9.0,0.0,0.0,4.0
-9.0,0.0,0.0,4.0
0.0,0.0,0.0,4.0
0.0,0.0,0.0,4.0
0.0,0.0,0.0,4.0
-4.0,0.0,0.0,4.0
-2.0,0.0,0.0,4.0
-2.0,0.0,0.0,4.0
2.0,0.0,0.0,4.0
0.0,0.0,0.0,4.0
0.0,0.0,0.0,0.0
0.0,0.0,0.0,0.0
0.0,0.0,0.0,0.0
0.0,0.0,0.0,0.0
2.0,0.0,0.0,0.0
2.0,0.0,0.0,0.0
2.0,0.0,2.0,0.0
2.0,0.0,2.0,0.0
2.0,0.0,2.0,0.0
2.0,0.0,2.0,0.0
2.0,0.0,0.0,1.0
2.0,0.0,0.0,1.0
2.0,0.0,-10.0,1.0
2.0,0.0,-9.0,1.0
2.0,0.0,-9.0,0.0
2.0,0.0,1.0,0.0
2.0,0.0,0.0,0.0
2.0,0.0,0,-1.0
0,0.0,0.0,-1.0
2.0,0.0,0.0,-1.0
2.0,0.0,1.0,-1.0
2.0,0.0,-3.0,0.0
0.0,0.0,-8.0,-1.0
0.0,0.0,-2.0,1.0
0.0,0.0,2.0,1.0
0.0,0.0,2.0,1.0
0.0,0.0,-2.0,1.0
0.0,0.0,-2.0,1.0
0.0,2.0,-2.0,1.0
0.0,2.0,-6.0,1.0
0.0,2.0,-8.0,-1.0
0.0,2.0,-3.0,-1.0
0.0,2.0,1.0,0.0
0.0,2.0,1.0,0.0
0.0,2.0,4.0,0.0
0.0,2.0,4.0,0.0
0.0,2.0,4.0,0.0
0.0,0.0,4.0,0.0
0.0,0.0,4.0,0.0
0.0,0.0,0.0,0.0
0.0,0.0,4.0,0.0
0.0,0.0,0.0,0.0
0.0,0.0,0.0,0.0
1.0,0.0,0.0,0.0
1.0,-10.0,0.0,0.0
2.0,-10.0,0.0,0.0
2.0,-10.0,0.0,0.0
2.0,-10.0,-4.0,0.0
2.0,-10.0,-4.0,-1.0
2.0,-10.0,-4.0,-1.0
0.0,-9.0,-4.0,5.0
0.0,-9.0,-4.0,5.0
0.0,0.0,-4.0,5.0
0.0,0.0,-4.0,5.0
0.0,0.0,-4.0,5.0
0.0,0.0,-4.0,5.0
0.0,0.0,-4.0,5.0
0.0,0.0,0.0,5.0
0.0,0.0,0.0,5.0
0.0,0.0,0.0,5.0
0.0,0.0,0.0,5.0
0.0,0.0,0.0,5.0
0.0,1.0,0.0,0
0.0,1.0,-4.0,0
0.0,1.0,-4.0,0
0.0,0.0,-4.0,0
0.0,2.0,-4.0,0
0.0,2.0,-4.0,0
0.0,0.0,0.0,0
0.0,0.0,1.0,0
0.0,0.0,1.0,0
0.0,0.0,2.0,2.0
0.0,0.0,2.0,2.0
0.0,0.0,2.0,2.0
0.0,0.0,2.0,2.0
0.0,0.0,2.0,2.0
0.0,0.0,2.0,2.0
0.0,0.0,2.0,2.0
0.0,0.0,2.0,2.0
0.0,0.0,2.0,2.0
0.0,0.0,2.0,2.0
0.0,-10.0,1.0,2.0
0.0,0.0,1.0,2.0
0.0,0.0,1.0,2.0
0.0,0.0,1.0,2.0
0.0,0.0,1.0,2.0
0.0,0.0,1.0,2.0
0.0,0.0,1.0,2.0
0.0,0.0,1.0,2.0
0.0,0.0,1.0,2.0
0.0,0.0,1.0,2.0
0.0,0.0,1.0,2.0
0.0,0.0,1.0,2.0
-4.0,0.0,1.0,2.0
-4.0,0.0,1.0,2.0
-4.0,0.0,1.0,2.0
-4.0,0.0,1.0,2.0
0.0,0.0,1.0,2.0
0.0,0.0,1.0,2.0
0.0,1.0,1.0,2.0
0.0,1.0,3.0,0.0
0.0,1.0,3.0,0.0
0.0,0.0,3.0,0.0
0.0,0.0,3.0,0.0
-4.0,0.0,3.0,0.0
-4.0,0.0,3.0,0.0
-4.0,0.0,3.0,0.0
0.0,0.0,3.0,0.0
0.0,0.0,3.0,0.0
0.0,0.0,3.0,0.0
-10.0,0.0,3.0,0.0
-10.0,0.0,3.0,0.0
-10.0,0.0,3.0,0.0
-10.0,0.0,3.0,0.0
0.0,2.0,1.0,0.0
0.0,2.0,1.0,0.0
0,2.0,2.0,0.0
0.0,2.0,0,1.0
0.0,2.0,1.0,1.0
0.0,2.0,1.0,1.0
0.0,2.0,1.0,0
0.0,2.0,0.0,0
0.0,0.0,1.0,0
0.0,0.0,1.0,0
0.0,0.0,1.0,0
0.0,0.0,1.0,0
0.0,0.0,1.0,0
0.0,0.0,0.0,0
0.0,0.0,0.0,0
0.0,0.0,0.0,0
0.0,0.0,0.0,0
0.0,0.0,0.0,0
0.0,0.0,0.0,100
0.0,100,0.0,2.0
100,0.0,0.0,2.0
100,0.0,0.0,0.0
0.0,0.0,1.0,0.0
0.0,0.0,1.0,1.0
0.0,0.0,1.0,1.0
0.0,0.0,1.0,1.0
0.0,0.0,1.0,1.0
0.0,0.0,1.0,1.0
0.0,0.0,0.0,0.0
0.0,0.0,1.0,1.0
0.0,0.0,1.0,1.0
0.0,0.0,1.0,1.0
0.0,0.0,1.0,1.0
0.0,100,2.0,0.0
0.0,0.0,1.0,100
-10.0,0.0,1.0,100
-10.0,0.0,1.0,1.0
-10.0,0.0,1.0,1.0
-10.0,0.0,1.0,1.0
0.0,100,1.0,1.0
0.0,100,1.0,1.0
0.0,100,1.0,1.0
4.0,100,1.0,1.0
4.0,100,0.0,0.0
100,0.0,1.0,1.0
4.0,100,0.0,0.0
4.0,100,1.0,1.0
4.0,100,1.0,1.0
4.0,100,1.0,1.0
4.0,100,1.0,1.0
4.0,100,0.0,0.0
4.0,100,0.0,0.0
4.0,100,0.0,2.0
4.0,100,0.0,2.0
4.0,100,0.0,2.0
4.0,100,0.0,2.0
4.0,100,0.0,2.0
4.0,100,0.0,2.0
4.0,100,0.0,2.0
0.0,0,0.0,2.0
0.0,0.0,0.0,2.0
0.0,0.0,0.0,2.0
0.0,0.0,0.0,2.0
1.0,0.0,0.0,2.0
-3.0,0.0,0.0,2.0
-3.0,0.0,0.0,2.0
-3.0,0.0,0.0,2.0
-4.0,0.0,0.0,2.0
0.0,0.0,0.0,2.0
0.0,0.0,0.0,2.0
0.0,0.0,0.0,2.0
-1.0,0.0,0.0,2.0
-1.0,0.0,0.0,2.0
-2.0,0.0,0.0,0.0
-2.0,0.0,0.0,0.0
0.0,0.0,0.0,0.0
0.0,0.0,0.0,0.0
3.0,0.0,0.0,0.0
3.0,0.0,0.0,0.0
5.0,0.0,0.0,0.0
5.0,0.0,0.0,0.0
1.0,0.0,4.0,0.0
0.0,0.0,4.0,0.0
0.0,0.0,4.0,0.0
-2.0,0.0,4.0,0.0
-2.0,0.0,4.0,0.0
-1.0,0.0,4.0,0.0
-1.0,0.0,4.0,0.0
0.0,0.0,4.0,0.0
0.0,0.0,4.0,-10.0
0.0,0.0,4.0,-10.0
-4.0,0.0,4.0,-10.0
-4.0,0.0,4.0,-10.0
-4.0,0.0,4.0,-10.0
1.0,0.0,4.0,-10.0
1.0,0.0,4.0,-10.0
1.0,0.0,4.0,-10.0
1.0,0.0,4.0,-10.0
0.0,0.0,0.0,-10.0
0.0,0.0,0.0,-10.0
-10.0,0.0,0.0,-10.0
-10.0,0.0,0.0,-10.0
-10.0,0.0,0.0,-10.0
-10.0,0.0,0.0,-10.0
0.0,0.0,0.0,-10.0
0.0,0.0,0.0,-10.0
0.0,0.0,0.0,-8.0
0.0,0.0,0.0,-8.0
0.0,0.0,0.0,-8.0
0.0,0.0,0.0,-8.0
0.0,0.0,0.0,-8.0
0.0,0.0,0.0,-8.0
0.0,0.0,0.0,-8.0
0.0,0.0,0.0,-8.0
0.0,0.0,0.0,-8.0
0.0,0.0,0.0,-8.0
1.0,0.0,0.0,-8.0
2.0,0.0,0.0,-8.0
1.0,0.0,0.0,-7.0
1.0,0.0,0.0,-7.0
1.0,0.0,0.0,-7.0
3.0,0.0,0.0,1.0
3.0,0.0,0.0,2.0
3.0,0.0,0.0,2.0
2.0,0.0,0.0,-2.0
2.0,0.0,0.0,-2.0
2.0,0.0,0.0,-2.0
2.0,0.0,1.0,-3.0
0.0,100,1.0,-5.0
0.0,100,1.0,-3.0
0.0,0.0,0.0,-2.0
0.0,0.0,0.0,-2.0
0.0,0.0,0.0,-2.0
0.0,0.0,0.0,-2.0
0.0,0.0,0.0,2.0
0.0,0.0,0.0,2.0
0.0,0.0,0.0,2.0
0.0,0.0,0.0,2.0
0.0,0.0,0.0,2.0
0.0,0.0,0.0,2.0
0.0,0.0,0.0,-2.0
0.0,0.0,0.0,-2.0
0.0,0.0,0.0,-2.0
0.0,0.0,0.0,-2.0
0.0,0.0,0.0,-2.0
0.0,0.0,0.0,-2.0
0.0,0.0,0.0,-2.0
0.0,0.0,0.0,-2.0
0.0,0.0,0.0,-2.0
-10.0,0.0,0.0,-2.0
-10.0,-10.0,0.0,-2.0
-10.0,-10.0,0.0,-2.0
-10.0,-10.0,0.0,-2.0
0.0,-8.0,0.0,-2.0
0.0,-7.0,0.0,-4.0
0.0,2.0,0.0,-4.0
0.0,2.0,0.0,-4.0
0.0,2.0,0.0,2.0
0.0,2.0,0.0,2.0
0.0,2.0,0.0,2.0
0.0,2.0,0.0,2.0
0.0,2.0,0.0,2.0
0.0,0.0,0.0,3.0
6.0,0.0,0.0,3.0
6.0,0.0,0.0,2.0
6.0,0.0,0.0,2.0
6.0,0.0,0.0,2.0
6.0,0.0,0.0,-2.0
6.0,0.0,0.0,-2.0
6.0,0.0,0.0,-4.0
4.0,0.0,0.0,-4.0
4.0,0.0,0.0,-3.0
4.0,0.0,0.0,1.0
4.0,0.0,0.0,0.0
4.0,0.0,1.0,0.0
100,0.0,3.0,0.0
100,0.0,3.0,0.0
4.0,0.0,-6.0,2.0
4.0,0.0,-6.0,2.0
0.0,0.0,-6.0,2.0
0.0,0.0,-6.0,0.0
0.0,0.0,-6.0,0.0
-10.0,0.0,-6.0,100
-10.0,100,-6.0,0.0
-10.0,100,-6.0,0.0
-10.0,100,-6.0,-1.0
-10.0,100,-7.0,0.0
-10.0,0.0,-7.0,100
-10.0,100,-7.0,0.0
-10.0,1.0,-9.0,0.0
-10.0,1.0,0.0,0.0
-10.0,1.0,0.0,0.0
-10.0,1.0,0.0,1.0
-10.0,1.0,0.0,0.0
-10.0,1.0,0.0,-4.0
-10.0,1.0,0.0,-2.0
-10.0,1.0,0.0,-2.0
-10.0,1.0,0.0,-2.0
-10.0,1.0,0.0,-2.0
-10.0,1.0,0.0,-2.0
-10.0,0.0,2.0,0.0
-10.0,0.0,2.0,0.0
0.0,0.0,2.0,0.0
0.0,0.0,2.0,-4.0
0.0,0.0,2.0,-4.0
0.0,0.0,2.0,-4.0
0.0,0.0,2.0,-4.0
0.0,0.0,2.0,-4.0
-10.0,0.0,2.0,-4.0
-10.0,0.0,2.0,-4.0
-8.0,0.0,2.0,-4.0
-8.0,0.0,2.0,-4.0
2.0,0.0,2.0,-4.0
2.0,0.0,0.0,-2.0
2.0,0.0,0.0,-2.0
2.0,0.0,0.0,-2.0
2.0,0.0,0.0,-2.0
2.0,0.0,0.0,-8.0
2.0,0,0.0,-8.0
2.0,0,0.0,-11.0
2.0,0,0.0,-10.0
2.0,0,0.0,0.0
0.0,0,0.0,0.0
0.0,100,1.0,-8.0
0.0,100,0.0,-10.0
0.0,100,0.0,0.0
0.0,100,0.0,0.0
100,0.0,0.0,-1.0
100,0.0,0.0,0.0
100,0.0,0.0,-10.0
100,0.0,0.0,-10.0
0.0,100,1.0,-8.0
0.0,100,0.0,-10.0
0.0,100,0.0,-10.0
0.0,0.0,0.0,-10.0
0.0,0.0,0.0,-1.0
0.0,0.0,0.0,1.0
0.0,0.0,0.0,2.0
0.0,0.0,0.0,2.0
2.0,0.0,0.0,2.0
2.0,0.0,0.0,1.0
0.0,0.0,0.0,-11.0
0.0,0.0,0.0,-10.0
0.0,0.0,0.0,-9.0
0.0,0.0,0.0,-9.0
0.0,0.0,1.0,-8.0
0.0,0.0,1.0,-8.0
0.0,0.0,1.0,-8.0
0.0,0.0,2.0,-7.0
0.0,0.0,2.0,-7.0
0.0,0.0,2.0,-7.0
0.0,0.0,2.0,-7.0
0.0,0.0,2.0,-7.0
0.0,0.0,2.0,-7.0
0.0,0.0,2.0,-7.0
0.0,0.0,2.0,-7.0
0.0,0.0,2.0,3.0
0.0,0.0,2.0,3.0
0.0,0.0,2.0,3.0
0.0,0.0,2.0,3.0
0.0,0.0,2.0,3.0
0.0,0.0,1.0,3.0
0.0,0.0,1.0,3.0
0.0,0.0,1.0,3.0
0.0,0.0,1.0,3.0
0.0,0.0,1.0,3.0
0.0,0.0,1.0,3.0
0.0,0.0,1.0,1.0
0.0,0.0,100,1.0
100,0.0,1.0,1.0
0.0,0.0,2.0,2.0
0.0,0.0,2.0,2.0
0.0,0.0,2.0,2.0
0.0,0.0,2.0,2.0
0.0,0.0,2.0,2.0
0.0,0.0,2.0,2.0
0.0,0.0,2.0,2.0
0.0,0.0,2.0,2.0
0.0,0.0,2.0,2.0
0.0,0.0,2.0,2.0
0.0,0.0,2.0,2.0
0.0,0.0,2.0,2.0
0.0,0.0,2.0,2.0
0.0,100,2.0,2.0
0.0,100,1.0,2.0
0.0,100,1.0,1.0
0.0,100,1.0,2.0
0.0,100,0.0,2.0
0.0,100,0.0,2.0
-4.0,100,0.0,2.0
-4.0,100,0.0,2.0
-4.0,100,0.0,2.0
-4.0,100,0.0,2.0
-4.0,100,0.0,-8.0
-4.0,100,0.0,-8.0
-4.0,100,0.0,-8.0
-4.0,100,0.0,-10.0
-4.0,100,0.0,-10.0
-4.0,100,0.0,-6.0
-4.0,100,0.0,-6.0
100,0.0,0.0,-6.0
100,0.0,0.0,-6.0
100,0.0,0.0,-6.0
100,0.0,0.0,-10.0
100,0.0,0.0,-10.0
-4.0,100,0.0,2.0
-4.0,100,0.0,-10.0
-4.0,100,0.0,-10.0
-4.0,0.0,0.0,-6.0
-4.0,0.0,0.0,-6.0
-4.0,0.0,0.0,-6.0
-4.0,0.0,0.0,-6.0
-4.0,0.0,0.0,-6.0
-4.0,0.0,0.0,-6.0
-4.0,0.0,0.0,-6.0
-4.0,0.0,0.0,-6.0
-4.0,0.0,0.0,-6.0
-4.0,0.0,0.0,-6.0
-4.0,0.0,0.0,-6.0
-4.0,0.0,0.0,-6.0
-4.0,0.0,0.0,-6.0
-4.0,0.0,0.0,-6.0
-4.0,0.0,0.0,-6.0
-4.0,0.0,0.0,-6.0
-4.0,0.0,0.0,-6.0
-4.0,0.0,0.0,-6.0
-4.0,0.0,0.0,-6.0
-4.0,0.0,0.0,-6.0
-4.0,0.0,0.0,-10.0
-4.0,0.0,0.0,-10.0
-4.0,0.0,0.0,-10.0
-4.0,0.0,0.0,-10.0
-4.0,0.0,0.0,-10.0
-4.0,0.0,0.0,0.0
-4.0,0.0,0.0,0.0
-4.0,0.0,0.0,0.0
-4.0,0.0,0.0,0.0
-4.0,0.0,0.0,0.0
-4.0,0.0,0.0,0.0
-4.0,0.0,0.0,0.0
-4.0,0.0,0.0,0.0
-4.0,0.0,0.0,0.0
-4.0,0.0,0.0,0.0
-4.0,0.0,0.0,0.0
-4.0,0.0,0.0,0.0
-4.0,0.0,0.0,0.0
-4.0,0.0,0.0,0.0
-4.0,0.0,0.0,0.0
-4.0,0.0,0.0,0.0
-4.0,0.0,0.0,0.0
-4.0,0.0,0.0,0.0
-4.0,0.0,0.0,0.0
-4.0,0.0,0.0,0.0
-4.0,0.0,0.0,0.0
-4.0,0.0,0.0,0.0
-4.0,0.0,0.0,0.0
-4.0,0.0,0.0,0.0
-4.0,0.0,0.0,0.0
-4.0,0.0,0.0,0.0
-4.0,0.0,0.0,0.0
-4.0,0.0,0.0,0.0
-4.0,0.0,0.0,0.0
-4.0,0.0,0.0,0.0
0.0,0.0,0.0,0.0
0.0,0.0,0.0,0.0
0.0,0.0,0.0,0.0
0.0,0.0,0.0,0.0
0.0,0.0,0.0,0.0
0.0,0.0,0.0,-10.0
0.0,0.0,0.0,-10.0
0.0,0.0,0.0,-10.0
4.0,0.0,0.0,-10.0
4.0,0.0,0.0,-10.0
4.0,0.0,0.0,-10.0
4.0,0.0,0.0,-10.0
4.0,0.0,0.0,0.0
4.0,0.0,2.0,0.0
4.0,0.0,2.0,0.0
4.0,0.0,2.0,-1.0
4.0,0.0,2.0,-1.0
4.0,0.0,2.0,-1.0
4.0,0.0,0.0,-1.0
4.0,0.0,0.0,-1.0
0.0,0.0,0.0,0.0
-4.0,0.0,0.0,0.0
0.0,0.0,-4.0,0.0
0.0,0.0,-3.0,1.0
0.0,0.0,-3.0,-9.0
0.0,0.0,-2.0,-8.0
0.0,0.0,-1.0,-8.0
0.0,0.0,3.0,-8.0
0.0,0.0,3.0,-8.0
0.0,2.0,3.0,-8.0
0.0,2.0,3.0,-8.0
0.0,-2.0,3.0,-9.0
0.0,-2.0,3.0,-9.0
0.0,-4.0,3.0,-9.0
0.0,-4.0,2.0,-9.0
0.0,0.0,1.0,-9.0
0.0,0.0,1.0,-9.0
0.0,0.0,1.0,-9.0
0.0,0.0,1.0,-9.0
-4.0,0.0,0.0,-9.0
-4.0,4.0,0.0,-9.0
-4.0,4.0,0.0,-8.0
-4.0,4.0,0.0,-8.0
-4.0,4.0,0.0,-13.0
-4.0,4.0,0.0,-12.0
-4.0,4.0,0.0,-13.0
-4.0,4.0,0.0,-13.0
-4.0,4.0,0.0,-13.0
-4.0,4.0,0.0,-13.0
-4.0,4.0,0.0,3.0
-4.0,0.0,0.0,7.0
-4.0,0.0,0.0,7.0
-4.0,0.0,0.0,7.0
-4.0,0.0,0.0,7.0
0.0,0.0,0.0,7.0
0.0,0.0,0.0,7.0
0.0,0.0,0.0,7.0
0.0,0.0,0.0,-3.0
0.0,0.0,0.0,-3.0
-4.0,0.0,0.0,-3.0
-4.0,0.0,0.0,-3.0
-4.0,0.0,0.0,-3.0
0.0,0.0,0.0,-5.0
0.0,0.0,0.0,-5.0
0.0,0.0,100,-5.0
100,0.0,0.0,-5.0
0.0,0.0,0.0,-6.0
0.0,0.0,0.0,-9.0
0.0,0.0,0.0,-9.0
0.0,0.0,0.0,-5.0
0.0,0.0,0.0,-5.0
0.0,0.0,0.0,-5.0
0.0,0.0,0.0,-4.0
0.0,0.0,0.0,-9.0
0.0,0.0,0.0,0.0
0.0,0.0,2.0,1.0
-4.0,0.0,2.0,1.0
-4.0,0.0,2.0,1.0
-4.0,0.0,2.0,1.0
-4.0,0.0,2.0,1.0
-4.0,0.0,0.0,1.0
2.0,0.0,0.0,1.0
2.0,0.0,0.0,1.0
2.0,0.0,0.0,1.0
2.0,0.0,0.0,0.0
2.0,0.0,0.0,-10.0
0.0,0.0,1.0,-9.0
0.0,0.0,1.0,-10.0
0.0,0.0,1.0,-10.0
0.0,0.0,1.0,-10.0
0.0,0.0,1.0,0.0
0.0,0.0,-3.0,0.0
0.0,0.0,-3.0,1.0
0.0,0.0,-4.0,100
0.0,100,-4.0,1.0
0.0,0.0,-3.0,1.0
0.0,0.0,-3.0,0.0
0.0,0.0,1.0,0.0
0.0,0.0,1.0,0.0
0.0,0.0,1.0,0.0
0.0,0.0,1.0,-10.0
0.0,0.0,1.0,-9.0
0.0,0.0,0.0,-9.0
0.0,0.0,0.0,-10.0
0.0,0.0,0.0,-9.0
0.0,0.0,0.0,-9.0
0.0,0.0,0.0,-9.0
0.0,0.0,0.0,-10.0
0.0,0.0,0.0,0.0
0.0,0.0,2.0,1.0
0.0,0.0,2.0,1.0
0.0,0.0,2.0,1.0
0.0,0.0,2.0,1.0
-4.0,0.0,2.0,-9.0
-4.0,0.0,2.0,-9.0
-3.0,100,2.0,-9.0
-3.0,100,2.0,5.0
-3.0,100,2.0,5.0
-3.0,100,2.0,5.0
-3.0,100,0.0,5.0
-3.0,100,0.0,5.0
-3.0,100,0.0,5.0
-3.0,100,0.0,4.0
-3.0,100,0.0,4.0
-3.0,100,0.0,4.0
-3.0,100,0.0,4.0
-3.0,100,0.0,3.0
-3.0,100,0.0,3.0
-3.0,100,0.0,-7.0
-3.0,100,0.0,-9.0
-3.0,100,0.0,-9.0
-3.0,100,0.0,-9.0
-3.0,100,0.0,-9.0
-3.0,100,0.0,-9.0
-3.0,100,0.0,-9.0
-3.0,100,0.0,-9.0
-3.0,100,0.0,-9.0
-3.0,100,0.0,-9.0
-3.0,100,0.0,-9.0
-3.0,100,0.0,-9.0
-3.0,100,0.0,-9.0
-3.0,100,0.0,-9.0
-3.0,100,0.0,-9.0
-3.0,100,0.0,-9.0
-3.0,100,0.0,-9.0
-3.0,100,0.0,1.0
-3.0,100,0.0,1.0
-3.0,100,0.0,1.0
-3.0,100,0.0,1.0
-3.0,100,0.0,1.0
-3.0,100,0.0,1.0
-3.0,100,0.0,1.0
-3.0,100,0.0,1.0
-3.0,100,0.0,1.0
-3.0,100,0.0,1.0
-3.0,100,0.0,1.0
-3.0,100,0.0,1.0
-3.0,100,0.0,1.0
-3.0,100,0.0,1.0
-3.0,100,0.0,1.0
-3.0,100,0.0,1.0
-3.0,100,0.0,1.0
-3.0,100,0.0,1.0
-3.0,100,0.0,1.0
-3.0,100,0.0,1.0
-3.0,100,0.0,1.0
-3.0,200,0.0,1.0
-3.0,200,0.0,1.0
-3.0,200,0.0,1.0
-3.0,200,0.0,1.0
-3.0,200,0.0,1.0
-3.0,200,0.0,1.0
-3.0,200,0.0,1.0
-3.0,200,0.0,1.0
-3.0,200,0.0,1.0
-3.0,200,0.0,1.0
-3.0,200,0.0,1.0
-3.0,200,0.0,1.0
-3.0,200,0.0,1.0
1.0,200,0.0,-9.0
1.0,200,0.0,-9.0
1.0,200,0.0,-9.0
1.0,200,0.0,-9.0
1.0,200,0.0,-9.0
1.0,200,0.0,-9.0
1.0,200,0.0,-9.0
1.0,200,0.0,-9.0
1.0,200,0.0,-9.0
0.0,200,0.0,-9.0
0.0,200,0.0,-9.0
0.0,200,0.0,-9.0
0.0,200,0.0,-9.0
0.0,200,0.0,-9.0
0.0,200,0.0,-9.0
0.0,200,0.0,-9.0
0.0,200,0.0,-9.0
0.0,200,0.0,-9.0
0.0,200,0.0,-9.0
0.0,200,0.0,-9.0
0.0,200,0.0,-9.0
0.0,200,0.0,-9.0
0.0,200,0.0,-9.0
0.0,200,0.0,-9.0
0.0,200,0.0,-9.0
0.0,200,0.0,1.0
0.0,200,0.0,1.0
0.0,200,0.0,1.0
0.0,200,0.0,1.0
0.0,200,0.0,1.0
0.0,200,0.0,1.0
0.0,200,0.0,1.0
0.0,200,0.0,1.0
0.0,200,0.0,1.0
0.0,200,0.0,1.0
0.0,200,0.0,1.0
0.0,200,0.0,1.0
0.0,200,0.0,1.0
0.0,200,0.0,1.0
0.0,200,0.0,2.0
0.0,200,0.0,2.0
0.0,200,0.0,2.0
0.0,200,0.0,2.0
0.0,200,0.0,2.0
0.0,200,0.0,2.0
0.0,200,0.0,2.0
0.0,200,0.0,2.0
0.0,200,0.0,2.0
0.0,200,0.0,2.0
0.0,200,0.0,2.0
0.0,200,0.0,2.0
0.0,200,0.0,2.0
0.0,200,0.0,2.0
0.0,0.0,0.0,2.0
0.0,0.0,0.0,2.0
0.0,0.0,0.0,2.0
1.0,0.0,0.0,2.0
1.0,0.0,0.0,2.0
1.0,0.0,0.0,2.0
1.0,0.0,0.0,2.0
1.0,0.0,0.0,2.0
1.0,0.0,0.0,2.0
0.0,0.0,0.0,2.0
0.0,0.0,0.0,2.0
0.0,0.0,0.0,2.0
0.0,0.0,0.0,2.0
0.0,0.0,0.0,2.0
4.0,0.0,0.0,2.0
4.0,0.0,0.0,4.0
4.0,0.0,0.0,4.0
4.0,0.0,0.0,4.0
4.0,0.0,0.0,6.0
4.0,0.0,0.0,6.0
4.0,0.0,0.0,6.0
0.0,0.0,0.0,6.0
0.0,0.0,0.0,4.0
1.0,0.0,0.0,-6.0
0.0,0.0,0.0,-6.0
0.0,0.0,0.0,-6.0
0.0,0.0,0.0,-6.0
200,0.0,0.0,-6.0
200,0.0,0.0,-6.0
200,0.0,0.0,-8.0
200,0.0,0.0,-9.0
200,0.0,4.0,-9.0
-1.0,0.0,4.0,-9.0
0.0,0.0,4.0,-9.0
0.0,0.0,4.0,-9.0
0.0,0.0,4.0,-9.0
1.0,0.0,4.0,-9.0
1.0,0.0,4.0,-9.0
0.0,0.0,4.0,-9.0
0.0,0.0,4.0,-9.0
0.0,0.0,4.0,-9.0
0.0,0.0,4.0,-9.0
0.0,0.0,4.0,-9.0
0.0,0.0,4.0,-9.0
0.0,0.0,4.0,-9.0
1.0,0.0,0.0,-9.0
1.0,0.0,0.0,-9.0
1.0,0.0,0.0,-9.0
1.0,0.0,0.0,-9.0
1.0,0.0,0.0,200
1.0,0.0,0.0,-9.0
1.0,0.0,0.0,-9.0
1.0,0.0,0.0,-11.0
1.0,0.0,0.0,-1.0
1.0,0.0,0.0,-1.0
0.0,0.0,0.0,-1.0
0.0,0.0,0.0,-1.0
0.0,0.0,0.0,-1.0
0.0,200,0.0,-1.0
200,0.0,0.0,1.0
0.0,0.0,0.0,-1.0
0.0,0.0,0.0,0.0
0.0,0.0,-4.0,1.0
0.0,0.0,-4.0,1.0
0.0,0.0,-4.0,5.0
1.0,0.0,-4.0,6.0
1.0,0.0,-4.0,6.0
1.0,0.0,-4.0,6.0
0.0,0.0,-4.0,6.0
0.0,0.0,-4.0,6.0
-1.0,0.0,-4.0,6.0
-1.0,0.0,-4.0,6.0
0.0,0.0,-4.0,6.0
0.0,0.0,-4.0,2.0
0.0,0.0,-4.0,2.0
0.0,0.0,-4.0,2.0
0.0,0.0,-4.0,2.0
0.0,2.0,-4.0,2.0
0.0,2.0,-4.0,1.0
0.0,2.0,-4.0,1.0
0.0,2.0,-4.0,1.0
0.0,0.0,-4.0,-1.0
200,0.0,0.0,-1.0
0.0,0.0,-4.0,-1.0
0.0,0.0,-4.0,1.0
0.0,0.0,-4.0,1.0
0.0,0.0,-4.0,1.0
0.0,0.0,-4.0,2.0
0.0,0.0,-4.0,1.0
0.0,0.0,-4.0,0.0
0.0,0.0,-4.0,0.0
0.0,0.0,-4.0,0.0
0.0,0.0,-4.0,0.0
0.0,0.0,-4.0,0.0
0.0,-1.0,-4.0,0.0
0.0,-1.0,-4.0,0.0
0.0,-1.0,-4.0,0.0
0.0,-1.0,0.0,0.0
0.0,-1.0,0.0,0.0
0.0,0.0,0.0,0.0
1.0,3.0,0.0,0.0
1.0,3.0,-4.0,0.0
0.0,2.0,-4.0,0.0
0.0,2.0,-4.0,0.0
0.0,2.0,-4.0,0.0
0.0,2.0,-4.0,0.0
300,2.0,-4.0,0.0
0.0,2.0,-4.0,0.0
300,2.0,-4.0,0.0
0.0,2.0,-4.0,0.0
300,2.0,-4.0,0.0
0.0,2.0,-4.0,0.0
300,2.0,-4.0,0.0
0.0,2.0,-4.0,0.0
300,2.0,-4.0,0.0
0.0,2.0,0.0,0.0
300,2.0,0.0,0.0
0.0,2.0,0.0,0.0
300,2.0,0.0,0.0
0.0,2.0,0.0,0.0
300,2.0,0.0,0.0
0.0,2.0,0.0,0.0
300,2.0,0.0,0.0
0.0,2.0,0.0,0.0
300,2.0,0.0,0.0
0.0,2.0,0.0,0.0
300,2.0,0.0,0.0
0.0,2.0,0.0,0.0
300,2.0,0.0,0.0
0.0,2.0,0.0,0.0
300,2.0,0.0,0.0
0.0,2.0,0.0,0.0
300,2.0,0.0,0.0
0.0,0.0,0.0,0.0
0.0,0.0,0.0,0.0
0.0,0.0,0.0,0.0
0.0,0.0,0.0,0.0
0.0,0.0,0.0,0.0
0.0,0.0,0.0,0.0
0.0,0.0,0.0,0.0
0.0,0.0,0.0,0.0
0.0,0.0,0.0,0.0
0.0,0.0,0.0,0.0
0.0,0.0,0.0,0.0
0.0,0.0,0.0,0.0
0.0,0.0,-10.0,0.0
0.0,0.0,-9.0,0.0
0.0,0.0,-9.0,0.0
0.0,0.0,-8.0,0.0
0.0,0.0,-8.0,-1.0
0.0,0.0,-8.0,-1.0
0.0,0.0,2.0,-11.0
0.0,0.0,2.0,-11.0
0.0,0.0,2.0,-11.0
0.0,-1.0,2.0,-11.0
0.0,1.0,2.0,-11.0
0.0,1.0,2.0,-11.0
0.0,1.0,2.0,-11.0
0.0,1.0,2.0,-11.0
0.0,1.0,2.0,-11.0
0.0,1.0,2.0,-11.0
0.0,2.0,2.0,-11.0
0.0,2.0,2.0,-11.0
0.0,2.0,2.0,-11.0
0.0,2.0,2.0,-11.0
0.0,2.0,1.0,-10.0
0.0,2.0,1.0,-10.0
0.0,2.0,-10.0,0.0
0.0,2.0,-10.0,0.0
0.0,2.0,-10.0,0.0
0.0,2.0,-10.0,0.0
0.0,2.0,-10.0,0.0
0.0,2.0,-10.0,0.0
0.0,2.0,-10.0,0.0
0.0,2.0,-10.0,0.0
0.0,2.0,-10.0,0.0
0.0,1.0,-10.0,0.0
0.0,1.0,-10.0,0.0
0.0,1.0,-10.0,0.0
0.0,1.0,-10.0,0.0
300,1.0,0.0,0.0
0.0,1.0,-10.0,0.0
400,1.0,0.0,0.0
0.0,1.0,0.0,0.0
400,1.0,0.0,0.0
0.0,1.0,0.0,0.0
400,1.0,0.0,0.0
0.0,1.0,0.0,0.0
400,1.0,0.0,0.0
0.0,1.0,0.0,0.0
400,1.0,0.0,0.0
0.0,1.0,0.0,0.0
400,1.0,0.0,0.0
0.0,1.0,0.0,0.0
400,-1.0,0.0,0.0
0.0,-1.0,0.0,0.0
0.0,-1.0,0.0,0.0
0.0,-1.0,0.0,0.0
0.0,-1.0,0.0,-10.0
0.0,-1.0,0.0,-10.0
0.0,-1.0,0.0,-10.0
0.0,-1.0,0.0,-10.0
0.0,-1.0,0.0,-10.0
0.0,-1.0,0.0,-10.0
0.0,-1.0,0.0,0.0
0.0,-1.0,0.0,0.0
0.0,-1.0,0.0,-1.0
0.0,-1.0,0.0,-1.0
0.0,-1.0,0.0,-1.0
0.0,-1.0,1.0,-1.0
0.0,-1.0,2.0,-1.0
0.0,-1.0,2.0,-1.0
6.0,0.0,2.0,-1.0
6.0,0.0,2.0,-1.0
6.0,0.0,2.0,-11.0
6.0,0.0,1.0,-11.0
6.0,0.0,1.0,-10.0
6.0,0.0,2.0,-8.0
6.0,0.0,2.0,-8.0
6.0,0.0,-3.0,-8.0
6.0,0.0,-4.0,2.0
6.0,0.0,-14.0,2.0
6.0,0.0,-18.0,2.0
6.0,0.0,-17.0,2.0
6.0,0.0,-17.0,2.0
4.0,0.0,-18.0,1.0
4.0,-1.0,-14.0,2.0
4.0,-1.0,-2.0,2.0
0.0,-1.0,-2.0,6.0
0.0,-1.0,-2.0,6.0
0.0,1.0,-2.0,6.0
0.0,1.0,2.0,6.0
0.0,1.0,2.0,6.0
0.0,1.0,2.0,6.0
0.0,2.0,2.0,6.0
0.0,0.0,2.0,6.0
0.0,0.0,2.0,6.0
0.0,0.0,2.0,6.0
0.0,0.0,2.0,6.0
0.0,0.0,2.0,6.0
0.0,0.0,2.0,6.0
0.0,0.0,2.0,6.0
0.0,0.0,2.0,6.0
0.0,0.0,2.0,6.0
0.0,0.0,2.0,6.0
0.0,0.0,2.0,6.0
0.0,0.0,2.0,5.0
0.0,0.0,2.0,5.0
0.0,0.0,2.0,5.0
0.0,0.0,2.0,5.0
0.0,0.0,2.0,5.0
0.0,0.0,2.0,5.0
0.0,0.0,2.0,5.0
0.0,-10.0,2.0,4.0
0.0,-10.0,2.0,4.0
0.0,-6.0,2.0,0.0
0.0,-6.0,2.0,0.0
0.0,-6.0,2.0,0.0
0.0,4.0,2.0,0.0
0.0,4.0,0.0,0.0
0.0,-6.0,0.0,0.0
0.0,-6.0,0.0,0.0
0.0,-6.0,3.0,0.0
0.0,4.0,3.0,0.0
0.0,4.0,3.0,0.0
0.0,4.0,-1.0,0.0
0.0,4.0,-1.0,0.0
0.0,4.0,-1.0,0.0
0.0,0.0,1.0,0.0
0.0,0.0,-4.0,0.0
0.0,0.0,-4.0,0.0
0.0,0.0,-3.0,0.0
0.0,0.0,-3.0,0.0
0.0,-10.0,-3.0,0.0
0.0,-10.0,-3.0,0.0
0.0,-10.0,1.0,0.0
0.0,-10.0,-1.0,0.0
0.0,-10.0,-1.0,-1.0
0.0,-10.0,-10.0,-1.0
0.0,-10.0,-6.0,-1.0
-10.0,-10.0,-10.0,-1.0
-10.0,-10.0,-10.0,-1.0
-10.0,-10.0,-10.0,-1.0
-10.0,-10.0,-10.0,-1.0
-10.0,-10.0,-10.0,-1.0
-10.0,-10.0,-10.0,-1.0
-10.0,-10.0,-10.0,0.0
-10.0,-10.0,-10.0,0.0
-10.0,0.0,-10.0,0.0
-10.0,0.0,-9.0,0.0
-10.0,0.0,-9.0,0.0
400,0.0,1.0,0.0
-10.0,0.0,-9.0,0.0
-10.0,0.0,-9.0,0.0
-10.0,0.0,-10.0,0.0
-10.0,0.0,-10.0,0.0
-10.0,0.0,-10.0,-1.0
-10.0,0.0,-10.0,-1.0
-10.0,0.0,0.0,-1.0
-10.0,0.0,0.0,-1.0
-10.0,0.0,-4.0,-1.0
-10.0,0.0,0.0,-1.0
-10.0,0.0,0.0,-1.0
-10.0,0.0,-5.0,-1.0
-10.0,0.0,-5.0,0.0
-10.0,0.0,-5.0,0.0
-10.0,0.0,-5.0,0.0
-10.0,0.0,1.0,0.0
-10.0,0.0,1.0,0.0
-10.0,0.0,-3.0,0.0
-10.0,0.0,2.0,0.0
-10.0,0.0,2.0,0.0
-10.0,0.0,2.0,0.0
-10.0,0.0,2.0,0.0
0.0,0.0,2.0,0.0
0.0,0.0,2.0,0.0
0.0,0.0,2.0,0.0
0.0,0.0,2.0,0.0
0.0,0.0,2.0,0.0
0.0,0.0,2.0,0.0
0.0,0.0,2.0,0.0
0.0,0.0,2.0,0.0
0.0,0.0,2.0,0.0
0.0,0.0,2.0,0.0
0.0,0.0,2.0,0.0
0.0,0.0,2.0,0.0
0.0,0.0,2.0,-10.0
0.0,0.0,2.0,-10.0
0.0,0.0,2.0,-10.0
0.0,0.0,2.0,-10.0
0.0,0.0,2.0,-10.0
0.0,0.0,2.0,-10.0
0.0,0.0,2.0,-10.0
0.0,0.0,2.0,-10.0
0.0,0.0,2.0,-10.0
2.0,0.0,2.0,-10.0
2.0,0.0,2.0,-10.0
2.0,0.0,4.0,-10.0
2.0,1.0,4.0,-10.0
2.0,1.0,4.0,-10.0
2.0,1.0,4.0,-10.0
2.0,1.0,4.0,-10.0
2.0,1.0,4.0,-10.0
0.0,1.0,4.0,-10.0
0.0,2.0,-6.0,-10.0
0.0,2.0,2.0,-10.0
0.0,2.0,2.0,-10.0
0.0,2.0,2.0,-10.0
0.0,2.0,2.0,-10.0
0.0,2.0,0.0,-10.0
0.0,2.0,3.0,-8.0
0.0,2.0,-1.0,-8.0
0.0,2.0,3.0,-8.0
0.0,1.0,3.0,-8.0
0.0,2.0,3.0,-8.0
0.0,2.0,3.0,-8.0
2.0,2.0,3.0,-8.0
2.0,2.0,3.0,-8.0
3.0,2.0,-1.0,-8.0
2.0,400,0.0,-8.0
2.0,400,-1.0,-8.0
2.0,2.0,-1.0,-8.0
2.0,2.0,-1.0,-10.0
2.0,2.0,-1.0,-9.0
2.0,2.0,-1.0,-9.0
2.0,2.0,-5.0,-9.0
2.0,2.0,-5.0,-9.0
2.0,2.0,-5.0,-9.0
2.0,2.0,-5.0,-10.0
2.0,2.0,-8.0,-10.0
2.0,1.0,-8.0,1.0
2.0,1.0,-8.0,-9.0
2.0,1.0,-5.0,-9.0
2.0,1.0,-5.0,-8.0
0.0,1.0,-5.0,-8.0
0.0,1.0,-5.0,-8.0
0.0,0.0,-5.0,-8.0
0.0,400,-4.0,-9.0
0.0,400,-4.0,-9.0
0.0,0.0,-8.0,-11.0
0.0,0.0,-7.0,-11.0
0.0,0.0,-3.0,-11.0
0.0,0.0,-3.0,-1.0
0.0,0.0,-3.0,-1.0
0.0,0.0,-3.0,-1.0
0.0,0.0,-3.0,-1.0
0.0,0.0,-3.0,0.0
0.0,0.0,1.0,0.0
400,0.0,0.0,1.0
400,0.0,0.0,0.0
0.0,0.0,400,0.0
0.0,0.0,0.0,0.0
0.0,0.0,0.0,0.0
4.0,0.0,0.0,0.0
4.0,0.0,0.0,-11.0
4.0,0.0,0.0,-11.0
4.0,0.0,0.0,-11.0
0.0,0.0,0.0,-11.0
0.0,0.0,0.0,-11.0
0.0,0.0,400,-11.0
0.0,0.0,400,-11.0
2.0,0.0,0.0,-11.0
2.0,0.0,0.0,-1.0
2.0,0.0,0.0,3.0
0.0,0.0,0.0,3.0
0.0,0.0,0.0,3.0
0.0,0.0,0.0,3.0
0.0,0.0,0.0,3.0
0.0,0.0,0.0,3.0
0.0,1.0,1.0,2.0
0.0,1.0,1.0,2.0
4.0,1.0,1.0,4.0
4.0,1.0,1.0,4.0
4.0,1.0,1.0,4.0
4.0,1.0,1.0,4.0
4.0,1.0,1.0,4.0
4.0,1.0,1.0,4.0
4.0,1.0,1.0,4.0
4.0,1.0,1.0,4.0
4.0,1.0,0.0,3.0
4.0,1.0,400,2.0
0.0,1.0,400,2.0
0.0,1.0,400,2.0
-4.0,1.0,400,2.0
-4.0,0.0,400,2.0
-4.0,400,0.0,2.0
400,0.0,0.0,3.0
400,0.0,0.0,2.0
-4.0,0.0,0.0,-8.0
-4.0,0.0,0.0,-8.0
-4.0,0.0,0.0,-8.0
-4.0,0.0,0.0,-8.0
-4.0,0.0,1.0,-8.0
-4.0,0.0,1.0,-8.0
-4.0,0.0,1.0,2.0
-4.0,1.0,1.0,2.0
-4.0,1.0,1.0,2.0
-4.0,1.0,1.0,2.0
-4.0,1.0,1.0,2.0
-4.0,1.0,1.0,2.0
-4.0,1.0,1.0,2.0
0.0,0.0,1.0,2.0
0.0,0.0,1.0,2.0
0.0,0.0,1.0,2.0
0.0,0.0,1.0,2.0
0.0,1.0,1.0,2.0
0.0,1.0,1.0,2.0
0.0,1.0,1.0,2.0
0.0,1.0,1.0,2.0
0.0,1.0,1.0,2.0
0.0,1.0,1.0,2.0
0.0,0.0,1.0,2.0
0.0,0.0,1.0,2.0
0.0,0.0,1.0,2.0
0.0,0.0,1.0,2.0
0.0,0.0,1.0,2.0
0.0,0.0,1.0,2.0
0.0,0.0,1.0,0.0
0.0,0.0,1.0,0.0
0.0,0.0,1.0,0.0
0.0,0.0,1.0,0.0
0.0,0.0,1.0,0.0
0.0,0.0,1.0,0.0
-1.0,0.0,1.0,0.0
-1.0,0.0,1.0,0.0
-1.0,0.0,1.0,0.0
5.0,0.0,1.0,0.0
5.0,0.0,1.0,0.0
1.0,0.0,1.0,0.0
1.0,0.0,1.0,0.0
-1.0,0.0,1.0,0.0
-1.0,0.0,1.0,-4.0
-1.0,0.0,-3.0,-4.0
-1.0,0.0,-4.0,-4.0
-1.0,0.0,-4.0,-4.0
-1.0,0.0,-14.0,-4.0
-1.0,0.0,-14.0,-4.0
-1.0,0.0,-14.0,-5.0
-1.0,0.0,-12.0,-1.0
-1.0,0.0,-8.0,-1.0
0.0,0.0,-8.0,3.0
0.0,0.0,-8.0,3.0
400,0.0,-4.0,-1.0
400,0.0,-2.0,-1.0
400,0.0,-2.0,-1.0
400,0.0,-2.0,-1.0
400,0.0,-2.0,-1.0
400,0.0,-2.0,-1.0
400,0.0,-2.0,-1.0
400,0.0,-2.0,-1.0
400,0.0,-2.0,-1.0
400,0.0,-2.0,-1.0
400,0.0,-2.0,-1.0
400,0.0,-2.0,-1.0
400,0.0,-2.0,-1.0
400,0.0,-2.0,-1.0
400,0.0,-2.0,-1.0
400,0.0,-2.0,-1.0
400,0.0,-2.0,-1.0
400,0.0,-2.0,-1.0
400,0.0,-2.0,-1.0
400,0.0,-2.0,-1.0
400,0.0,-2.0,-1.0
400,0.0,8.0,-1.0
400,0.0,8.0,-1.0
400,0.0,7.0,-1.0
400,0.0,7.0,-1.0
400,0.0,7.0,-1.0
400,0.0,7.0,-1.0
400,0.0,7.0,-1.0
400,0.0,7.0,-1.0
400,0.0,7.0,-1.0
400,0.0,7.0,-1.0
400,0.0,7.0,-1.0
400,0.0,7.0,-1.0
400,0.0,7.0,-1.0
400,0.0,7.0,-1.0
400,0.0,7.0,-1.0
400,0.0,7.0,-1.0
400,0.0,7.0,0.0
400,0.0,5.0,0.0
400,0.0,5.0,0.0
400,0.0,5.0,0.0
400,0.0,5.0,0.0
400,0.0,5.0,0.0
400,0.0,5.0,0.0
400,0.0,5.0,0.0
400,0.0,5.0,0.0
400,0.0,5.0,0.0
400,0.0,5.0,0.0
400,0.0,1.0,0.0
400,0.0,1.0,0.0
0.0,0.0,1.0,0.0
0.0,0.0,1.0,0.0
0.0,0.0,1.0,0.0
0.0,0.0,1.0,0.0
0.0,0.0,1.0,0.0
0.0,0.0,1.0,0.0
0.0,0.0,1.0,0.0
0.0,0.0,1.0,0.0
0.0,0.0,-9.0,0.0
0.0,0.0,-9.0,0.0
0.0,0.0,-9.0,0.0
0.0,0.0,-9.0,0.0
0.0,0.0,-9.0,0.0
0.0,0.0,-9.0,0.0
0.0,0.0,-9.0,0.0
0.0,0.0,-9.0,0.0
0.0,0.0,-9.0,0.0
0.0,0.0,-9.0,0.0
0.0,0.0,-9.0,0.0
0.0,0.0,-9.0,0.0
0.0,0.0,-9.0,0.0
0.0,0.0,-9.0,0.0
0.0,0.0,-9.0,0.0
0.0,0.0,-9.0,0.0
0.0,0.0,-9.0,0.0
0.0,0.0,-9.0,0.0
0.0,0.0,-9.0,0.0
0.0,300,-9.0,0.0
0.0,0.0,-9.0,0.0
0.0,0.0,-9.0,0.0
0.0,0.0,-9.0,0.0
0.0,0.0,-10.0,-1.0
0.0,0.0,-10.0,1.0
0.0,0.0,-10.0,1.0
0.0,0.0,-10.0,1.0
0.0,0.0,-9.0,1.0
0.0,0.0,-9.0,1.0
0.0,0.0,1.0,1.0
0.0,0.0,1.0,1.0
0.0,0.0,1.0,1.0
0.0,0.0,1.0,0.0
0.0,0.0,1.0,0.0
0.0,0.0,1.0,0.0
0.0,0.0,0.0,0.0
0.0,0.0,1.0,0.0
0.0,0.0,1.0,0.0
0.0,0.0,1.0,0.0
0.0,0.0,1.0,0.0
0.0,0.0,-3.0,0.0
0.0,0.0,-3.0,-4.0
0.0,0.0,-4.0,-4.0
0.0,0.0,-2.0,-4.0
0.0,0.0,-1.0,-4.0
0.0,0.0,0.0,-4.0
0.0,0.0,0.0,-4.0
0.0,0.0,0.0,-4.0
0.0,0.0,-10.0,-4.0
0.0,0.0,-10.0,-4.0
300,0.0,-6.0,-4.0
300,0.0,-10.0,-4.0
300,0.0,0.0,-4.0
0.0,0.0,300,-4.0
0.0,0.0,0.0,-4.0
0.0,0.0,0.0,-4.0
0.0,0.0,0.0,-4.0
0.0,0.0,0.0,-4.0
0.0,4.0,0.0,-4.0
0.0,4.0,0.0,-4.0
0.0,4.0,0.0,-4.0
0.0,4.0,0.0,-4.0
0.0,4.0,0.0,-4.0
0.0,4.0,2.0,-4.0
0.0,4.0,-10.0,0.0
0.0,4.0,-10.0,0.0
0.0,4.0,-10.0,0.0
0.0,4.0,-10.0,0.0
0.0,4.0,-10.0,300
0.0,300,-10.0,0.0
0.0,300,-10.0,0.0
0.0,300,-9.0,0.0
0.0,300,-9.0,0.0
0.0,300,-9.0,0.0
0.0,300,-9.0,0.0
0.0,300,-9.0,0.0
0.0,300,-9.0,0.0
0.0,300,-9.0,0.0
0.0,300,-9.0,0.0
0.0,300,-9.0,0.0
0.0,300,-9.0,0.0
0.0,300,-9.0,0.0
0.0,300,-9.0,0.0
0.0,300,-9.0,0.0
0.0,300,-9.0,0.0
0.0,0.0,-9.0,0.0
0.0,0.0,-9.0,0.0
0.0,0.0,-9.0,0.0
0.0,0.0,-9.0,0.0
0.0,0.0,-9.0,0.0
0.0,0.0,-9.0,0.0
0.0,0.0,-9.0,0.0
0.0,0.0,-9.0,0.0
0.0,0.0,-9.0,0.0
300,0.0,-9.0,0.0
4.0,0.0,1.0,0.0
4.0,0.0,1.0,0.0
4.0,0.0,1.0,0.0
4.0,0.0,1.0,0.0
4.0,0.0,1.0,0.0
4.0,0.0,0.0,-4.0
4.0,0.0,-4.0,-4.0
4.0,0.0,-4.0,-4.0
4.0,0.0,-4.0,-4.0
4.0,0.0,-4.0,-4.0
4.0,0.0,-14.0,-4.0
4.0,0.0,-12.0,-4.0
-6.0,0.0,-10.0,0.0
-6.0,0.0,-6.0,0.0
-6.0,0.0,-6.0,0.0
-6.0,0.0,-6.0,0.0
-6.0,0.0,4.0,0.0
0.0,0.0,4.0,0.0
0.0,0.0,4.0,0.0
0.0,0.0,4.0,0.0
0.0,0.0,4.0,0.0
0.0,0.0,4.0,0.0
0.0,-4.0,4.0,0.0
0.0,-4.0,4.0,0.0
0.0,-4.0,4.0,0.0
0.0,-4.0,4.0,0.0
0.0,-4.0,4.0,0.0
0.0,-4.0,4.0,0.0
0.0,0.0,4.0,0.0
0.0,0.0,4.0,0.0
0.0,0.0,4.0,0.0
1.0,0.0,4.0,0.0
1.0,0.0,4.0,0.0
1.0,0.0,4.0,0.0
1.0,0.0,4.0,0.0
1.0,0.0,4.0,0.0
1.0,0.0,4.0,0.0
1.0,0.0,4.0,0.0
1.0,0.0,4.0,0.0
1.0,0.0,4.0,0.0
1.0,0.0,4.0,0.0
1.0,0.0,4.0,0.0
1.0,0.0,4.0,0.0
1.0,0.0,4.0,0.0
0.0,0.0,4.0,0.0
0.0,0.0,4.0,0.0
2.0,0.0,4.0,0.0
2.0,0.0,4.0,0.0
2.0,0.0,3.0,0.0
2.0,0.0,2.0,1.0
2.0,0.0,2.0,1.0
2.0,0.0,2.0,1.0
2.0,0.0,2.0,1.0
2.0,0.0,0.0,1.0
2.0,0.0,0.0,1.0
2.0,0.0,0.0,2.0
2.0,0.0,0.0,2.0
2.0,0.0,0.0,1.0
2.0,0.0,0.0,1.0
2.0,0.0,-10.0,1.0
2.0,0.0,-10.0,1.0
2.0,0.0,-10.0,1.0
400,0.0,-10.0,1.0
400,0.0,-10.0,1.0
2.0,0.0,500,1.0
0.0,0.0,500,1.0
0.0,0.0,-10.0,1.0
0.0,0.0,-10.0,1.0
0.0,0.0,-10.0,1.0
0.0,0.0,-10.0,1.0
0.0,0.0,-10.0,1.0
0.0,0.0,-10.0,1.0
0.0,0.0,-10.0,1.0
0.0,0.0,0.0,1.0
2.0,0.0,0.0,1.0
500,0.0,0.0,0.0
2.0,0.0,0.0,0.0
2.0,0.0,0.0,1.0
0.0,0.0,2.0,1.0
0.0,0.0,2.0,1.0
0.0,0.0,2.0,1.0
0.0,0.0,2.0,1.0
0.0,0.0,2.0,1.0
0.0,0.0,0.0,1.0
0.0,0.0,0.0,1.0
0.0,0.0,0.0,1.0
0.0,0.0,0.0,1.0
0.0,0.0,0.0,1.0
0.0,1.0,0.0,1.0
-10.0,1.0,0.0,1.0
-10.0,1.0,0.0,0.0
-10.0,1.0,0.0,0.0
-10.0,0.0,0.0,0.0
-10.0,0.0,0.0,1.0
-10.0,0.0,0.0,1.0
-10.0,0.0,0.0,1.0
-10.0,0.0,0.0,1.0
-10.0,0.0,0.0,1.0
-10.0,0.0,0.0,1.0
-10.0,0.0,0.0,1.0
-10.0,0.0,0.0,1.0
-10.0,0.0,0.0,1.0
-10.0,0.0,0.0,1.0
-10.0,0.0,0.0,1.0
-10.0,0.0,0.0,1.0
0.0,0.0,0.0,0.0
500,0.0,0.0,0.0
500,0.0,0.0,0.0
0.0,0.0,500,0.0
-10.0,0.0,0.0,0.0
-10.0,0.0,0.0,0.0
-10.0,1.0,0.0,0.0
-10.0,1.0,0.0,0.0
-10.0,1.0,0.0,0.0
-10.0,1.0,0.0,0.0
-10.0,1.0,0.0,0.0
-10.0,1.0,0.0,0.0
-10.0,1.0,0.0,1.0
-10.0,1.0,0.0,2.0
-8.0,0.0,0.0,2.0
-8.0,0.0,0.0,2.0
2.0,0.0,0.0,2.0
2.0,0.0,0.0,2.0
2.0,0.0,0.0,0.0
2.0,0.0,0.0,0.0
2.0,0.0,0.0,0.0
2.0,0.0,0.0,0.0
-8.0,0.0,0.0,0.0
-8.0,0.0,0.0,0.0
-8.0,0.0,0.0,0.0
-8.0,0.0,0.0,0.0
-8.0,0.0,400,0.0
400,0.0,0.0,0.0
2.0,0.0,0.0,0.0
2.0,0.0,0.0,0.0
2.0,0.0,0.0,0.0
2.0,0.0,0.0,-10.0
2.0,1.0,0.0,-10.0
2.0,1.0,0.0,-10.0
2.0,1.0,0.0,-10.0
0.0,1.0,0.0,-10.0
0.0,1.0,0.0,-10.0
0.0,1.0,0.0,-10.0
0.0,1.0,0.0,-10.0
0.0,1.0,0.0,-10.0
0.0,1.0,0.0,-10.0
0.0,1.0,0.0,-10.0
0.0,1.0,0.0,-10.0
0.0,1.0,0.0,-10.0
0.0,1.0,0.0,0.0
0.0,1.0,0.0,0.0
0.0,1.0,0.0,0.0
0.0,1.0,0.0,0.0
0.0,1.0,0.0,0.0
0.0,1.0,0.0,0.0
0.0,1.0,0.0,0.0
0.0,1.0,0.0,0.0
0.0,1.0,0.0,1.0
0.0,1.0,0.0,1.0
0.0,1.0,1.0,1.0
0.0,1.0,1.0,1.0
0.0,1.0,1.0,1.0
0.0,1.0,1.0,1.0
0.0,1.0,1.0,1.0
0.0,1.0,1.0,1.0
0.0,1.0,1.0,0.0
0.0,0.0,2.0,0.0
0.0,0.0,2.0,0.0
0.0,0.0,2.0,0.0
0.0,0.0,2.0,0.0
0.0,0.0,2.0,0.0
0.0,0.0,2.0,0.0
0.0,0.0,1.0,0.0
0.0,0.0,0.0,0.0
0.0,0.0,0.0,0.0
0.0,0.0,0.0,0.0
0.0,0.0,0.0,0.0
2.0,0.0,0.0,0.0
2.0,0.0,0.0,0.0
2.0,0.0,0.0,0.0
2.0,0.0,0.0,1.0
2.0,0.0,0.0,1.0
2.0,0.0,0.0,1.0
2.0,0.0,0.0,-9.0
2.0,0.0,0.0,-9.0
2.0,0.0,0.0,-9.0
2.0,1.0,0.0,-9.0
2.0,1.0,0.0,-9.0
2.0,1.0,0.0,-9.0
2.0,1.0,0.0,-9.0
2.0,1.0,0.0,1.0
2.0,1.0,0.0,1.0
2.0,1.0,0.0,1.0
0.0,1.0,0.0,1.0
0.0,1.0,0.0,1.0
0.0,1.0,0.0,1.0
0.0,1.0,0.0,1.0
0.0,1.0,0.0,1.0
0.0,1.0,0.0,1.0
0.0,1.0,0.0,1.0
0.0,1.0,0.0,1.0
0.0,1.0,0.0,1.0
0.0,1.0,0.0,1.0
0.0,1.0,0.0,0.0
0.0,1.0,0.0,0.0
0.0,1.0,0.0,0.0
0.0,1.0,0.0,-10.0
0.0,1.0,0.0,-10.0
0.0,1.0,0.0,-10.0
300,1.0,0.0,-10.0
0.0,1.0,0.0,-10.0
0.0,1.0,0.0,-10.0
0.0,1.0,0.0,-10.0
0.0,0.0,0.0,-10.0
0.0,0.0,0.0,-10.0
0.0,0.0,0.0,-9.0
0.0,0.0,0.0,-9.0
0.0,0.0,0.0,-9.0
0.0,0.0,0.0,-9.0
0.0,0.0,0.0,-9.0
0.0,0.0,0.0,-9.0
0.0,0.0,0.0,-9.0
0.0,0.0,0.0,-9.0
0.0,0.0,0.0,-9.0
0.0,0.0,2.0,0.0
0.0,0.0,2.0,0.0
0.0,3.0,1.0,0.0
0,3.0,1.0,0.0
0.0,3.0,1.0,0.0
0.0,3.0,1.0,0.0
0.0,3.0,1.0,0.0
0.0,3.0,1.0,0.0
0.0,3.0,0.0,0.0
0.0,1.0,0.0,0.0
0.0,1.0,0.0,0.0
0.0,1.0,0.0,0.0
0.0,1.0,0.0,0.0
0.0,0.0,1.0,2.0
0.0,0.0,1.0,2.0
0.0,0.0,1.0,2.0
0.0,2.0,1.0,0.0
0.0,0.0,1.0,0.0
0.0,0.0,1.0,0.0
0.0,0.0,1.0,0.0
1.0,0.0,1.0,0.0
1.0,0.0,1.0,0.0
1.0,0.0,1.0,0.0
1.0,0.0,1.0,0.0
1.0,0.0,1.0,0.0
1.0,0.0,1.0,0.0
1.0,0,1.0,0.0
1.0,0.0,1.0,0.0
1.0,0.0,1.0,0.0
1.0,0.0,1.0,0.0
1.0,0.0,1.0,0.0
1.0,0.0,1.0,0.0
1.0,0.0,1.0,0.0
1.0,0.0,1.0,0.0
1.0,0.0,1.0,0.0
1.0,0.0,1.0,0.0
1.0,0.0,1.0,0.0
1.0,0.0,1.0,0.0
1.0,0.0,1.0,0.0
1.0,0.0,1.0,0.0
1.0,0.0,1.0,0.0
1.0,0.0,1.0,0.0
1.0,0.0,1.0,0.0
1.0,0.0,1.0,0.0
1.0,0.0,1.0,0.0
1.0,0.0,1.0,0.0
1.0,0.0,1.0,0.0
1.0,0.0,1.0,0.0
1.0,0.0,1.0,0.0
1.0,0.0,1.0,0.0
1.0,0.0,1.0,0.0
1.0,0.0,1.0,0.0
1.0,0.0,1.0,0.0
1.0,0.0,1.0,0.0
1.0,0.0,1.0,0.0
1.0,0.0,1.0,0.0
1.0,0.0,1.0,0.0
1.0,0.0,1.0,0.0
1.0,0.0,1.0,0.0
1.0,0.0,1.0,0.0
1.0,0.0,1.0,0.0
1.0,0.0,1.0,0.0
1.0,0.0,1.0,0.0
1.0,0.0,1.0,0.0
1.0,0.0,1.0,0.0
1.0,0.0,1.0,0.0
1.0,0.0,1.0,0.0
1.0,0.0,1.0,0.0
1.0,0.0,1.0,0.0
1.0,0.0,1.0,0.0
1.0,0.0,1.0,0.0
1.0,0.0,1.0,0.0
1.0,0.0,1.0,0.0
1.0,0.0,1.0,0.0
1.0,0.0,1.0,0.0
1.0,0.0,1.0,0.0
1.0,0.0,1.0,0.0
1.0,0.0,1.0,0.0
1.0,0.0,1.0,0.0
1.0,0.0,1.0,0.0
1.0,0.0,1.0,0.0
1.0,0.0,1.0,0.0
1.0,0.0,1.0,0.0
1.0,0.0,1.0,0.0
1.0,0.0,1.0,0.0
1.0,0.0,1.0,0.0
1.0,0.0,1.0,0.0
1.0,0.0,1.0,0.0
1.0,0.0,1.0,0.0
1.0,0.0,1.0,0.0
1.0,0.0,1.0,0.0
1.0,0.0,1.0,0.0
1.0,0.0,1.0,0.0
1.0,0.0,1.0,0.0
1.0,0.0,1.0,0.0
1.0,0.0,1.0,0.0
1.0,0.0,1.0,0.0
1.0,0.0,1.0,0.0
1.0,0.0,1.0,0.0
0.0,0.0,1.0,0.0
0.0,0.0,1.0,0.0
0.0,0.0,1.0,0.0
0.0,0.0,1.0,0.0
0.0,0.0,1.0,0.0
0.0,0.0,1.0,0.0
0.0,0.0,1.0,0.0
0.0,0.0,1.0,0.0
0.0,0.0,1.0,0.0
0.0,0.0,1.0,0.0
0.0,0.0,1.0,0.0
0.0,0.0,1.0,0.0
0.0,0.0,1.0,0.0
0.0,0.0,1.0,0.0
0.0,0.0,1.0,0.0
0.0,0.0,1.0,0.0
0.0,0.0,1.0,0.0
0.0,0.0,1.0,0.0
0.0,0.0,1.0,0.0
0.0,0.0,1.0,0.0
0.0,0.0,1.0,0.0
0.0,0.0,1.0,0.0
0.0,0.0,1.0,0.0
0.0,0.0,1.0,0.0
0.0,0.0,1.0,0.0
0.0,0.0,1.0,0.0
0.0,0.0,1.0,0.0
0.0,0.0,1.0,0.0
0.0,0.0,1.0,0.0
0.0,0.0,1.0,0.0
0.0,0.0,1.0,0.0
0.0,0.0,1.0,0.0
0.0,0.0,1.0,0.0
0.0,0.0,1.0,0.0
0.0,0.0,1.0,0.0
0.0,0.0,1.0,0.0
0.0,0.0,1.0,0.0
0.0,0.0,1.0,0.0
0.0,0.0,1.0,0.0
0.0,0.0,1.0,0.0
0.0,0.0,1.0,0.0
0.0,0.0,1.0,0.0
0.0,0.0,1.0,0.0
0.0,0.0,1.0,0.0
0.0,0.0,1.0,0.0
0.0,0.0,1.0,0.0
0.0,0.0,1.0,0.0
0.0,0.0,1.0,0.0
0.0,0.0,1.0,0.0
0.0,0.0,1.0,0.0
0.0,0.0,1.0,0.0
0.0,0.0,1.0,0.0
0.0,0.0,1.0,0.0
0.0,0.0,1.0,0.0
0.0,0.0,1.0,0.0
0.0,0.0,1.0,0.0
0.0,0.0,1.0,0.0
0.0,0.0,1.0,0.0
0.0,0.0,1.0,0.0
0.0,0.0,1.0,0.0
0.0,0.0,1.0,0.0
0.0,0.0,1.0,0.0
0.0,0.0,1.0,0.0
0.0,0.0,1.0,0.0
0.0,0.0,1.0,0.0
0.0,0.0,1.0,0.0
0.0,0.0,1.0,0.0
0.0,0.0,1.0,0.0
0.0,0.0,1.0,0.0
0.0,0.0,1.0,0.0
0.0,0.0,1.0,0.0
0.0,0.0,1.0,0.0
-3.0,0.0,1.0,0.0
-3.0,0.0,1.0,0.0
-3.0,0.0,1.0,0.0
-3.0,0.0,1.0,0.0
-3.0,0.0,1.0,0.0
-3.0,0.0,1.0,0.0
-3.0,0.0,1.0,0.0
-3.0,0.0,1.0,0.0
-3.0,0.0,1.0,0.0
-3.0,0.0,1.0,0.0
-3.0,0.0,1.0,0.0
-3.0,0.0,1.0,0.0
-3.0,0.0,1.0,0.0
-3.0,0.0,1.0,0.0
-3.0,0.0,1.0,0.0
-3.0,0.0,1.0,0.0
-3.0,0.0,1.0,0.0
-3.0,0.0,1.0,0.0
-3.0,0.0,1.0,0.0
-3.0,0.0,1.0,0.0
-3.0,0.0,1.0,0.0
-3.0,0.0,1.0,0.0
-3.0,0.0,1.0,0.0
-3.0,0.0,1.0,0.0
-3.0,0.0,1.0,0.0
-3.0,0.0,1.0,0.0
-3.0,0.0,1.0,0.0
-3.0,0.0,1.0,0.0
-3.0,0.0,1.0,0.0
-3.0,0.0,1.0,0.0
-3.0,0.0,1.0,0.0
-3.0,0.0,1.0,0.0
-3.0,0.0,1.0,0
-3.0,0,1.0,0.0
-3.0,0.0,1.0,0.0
-3.0,0.0,1.0,0.0
-3.0,0.0,1.0,0.0
-3.0,0.0,1.0,0.0
-3.0,0.0,1.0,0.0
-3.0,0.0,1.0,0.0
-3.0,0.0,1.0,0.0
-3.0,0.0,1.0,0.0
-3.0,0.0,1.0,0.0
-3.0,0.0,1.0,0.0
-3.0,0.0,1.0,0.0
-3.0,0.0,1.0,0.0
-3.0,0.0,1.0,0.0
-3.0,0.0,1.0,0.0
-3.0,0.0,1.0,0.0
-3.0,0.0,5.0,0.0
1.0,0.0,5.0,0.0
0.0,0.0,5.0,0.0
0.0,0.0,5.0,0.0
0.0,0.0,5.0,0.0
0.0,0.0,5.0,0.0
1.0,0.0,5.0,0.0
1.0,0.0,5.0,0.0
1.0,0.0,7.0,0.0
0.0,0.0,7.0,0.0
0.0,-100,7.0,0.0
0.0,0.0,7.0,0.0
0.0,0.0,7.0,0.0
0.0,0.0,7.0,0.0
0.0,0.0,7.0,0.0
0.0,0.0,5.0,0.0
0.0,0.0,5.0,0.0
0.0,0.0,5.0,0.0
1.0,0.0,5.0,0.0
1.0,0.0,5.0,0.0
1.0,0.0,5.0,0.0
0.0,0.0,5.0,0.0
0.0,0.0,5.0,0.0
1.0,0.0,0.0,0.0
-1.0,0.0,0.0,0.0
-1.0,0.0,0.0,0.0
-1.0,0.0,0.0,0.0
-1.0,0.0,0.0,0.0
0.0,0.0,0.0,0.0
-3.0,0.0,0.0,0.0
-3.0,0.0,0.0,0.0
-3.0,0.0,0.0,0.0
-13.0,0.0,0.0,0.0
-10.0,0.0,0.0,0.0
-10.0,0.0,0.0,0.0
-10.0,0.0,0.0,0.0
0.0,0.0,0.0,0.0
1.0,0.0,0.0,0.0
1.0,0.0,0.0,0.0
0.0,0.0,0.0,0.0
0.0,0.0,0.0,0.0
0.0,0.0,0.0,0.0
0.0,0.0,0.0,0.0
0.0,0.0,0.0,0.0
0,0.0,0.0,0.0
0,0.0,0.0,0.0
0.0,0.0,0.0,0.0
0.0,0.0,0.0,0.0
0.0,0.0,0.0,0.0
0.0,0.0,0.0,0.0
0.0,0.0,0.0,0.0
0.0,0.0,0.0,0.0
0.0,0.0,0.0,0.0
0.0,0.0,0.0,0.0
0.0,0.0,0.0,0.0
0.0,0.0,0.0,0.0
0.0,0.0,0.0,0.0
0.0,0.0,0.0,0.0
0.0,0.0,0.0,0.0
0.0,0.0,0.0,0.0
0.0,0.0,0.0,0.0
0.0,0.0,0.0,0.0
0.0,0.0,0.0,0.0
0.0,0.0,0.0,0.0
0.0,0.0,0.0,0.0
0.0,0.0,0.0,0.0
0.0,0.0,0.0,0.0
0.0,0.0,0.0,0.0
0.0,0.0,0.0,0.0
0.0,0.0,0.0,0.0
0.0,0.0,0.0,0.0
0.0,0.0,0.0,0.0
0.0,0.0,0.0,0.0
0.0,0.0,0.0,0.0
0.0,0.0,0.0,0.0
0.0,0.0,0.0,0.0
0.0,0.0,0.0,0.0
0.0,0.0,0.0,-10.0
0.0,0.0,0.0,-10.0
0.0,0.0,0.0,-10.0
0.0,0.0,0.0,-10.0
0.0,0.0,0.0,-10.0
0.0,0.0,0.0,-10.0
0.0,0.0,0.0,-10.0
0.0,0.0,0.0,-10.0
0.0,0.0,0.0,-10.0
0.0,0.0,0.0,-10.0
0.0,0.0,0.0,-10.0
0.0,0.0,0.0,-10.0
0.0,0.0,0.0,-14.0
100,0.0,0.0,-10.0
0.0,0.0,0.0,-10.0
0.0,0.0,0.0,0.0
0.0,0.0,0.0,0.0
0.0,0.0,0.0,2.0
0.0,0.0,0.0,2.0
0.0,-10.0,0.0,2.0
0.0,-10.0,0.0,2.0
2.0,-10.0,0.0,2.0
2.0,-10.0,0.0,2.0
2.0,-10.0,0.0,6.0
2.0,-10.0,0.0,6.0
2.0,0.0,0.0,6.0
2.0,0.0,0.0,6.0
0.0,0.0,0.0,6.0
0.0,0.0,0.0,6.0
0.0,0.0,0.0,6.0
0.0,0.0,0.0,4.0
-5.0,0.0,0.0,4.0
-5.0,0.0,0.0,4.0
-5.0,0.0,0.0,4.0
-5.0,0.0,0.0,4.0
0.0,0.0,0.0,4.0
0.0,0.0,0.0,4.0
0.0,0.0,0.0,4.0
0.0,0.0,0.0,4.0
0.0,0.0,0.0,4.0
0.0,0.0,0.0,4.0
0.0,0.0,0.0,4.0
0.0,0.0,0.0,4.0
1.0,0.0,0.0,4.0
1.0,0.0,0.0,4.0
1.0,0.0,0.0,4.0
1.0,0.0,0.0,0.0
0,2.0,0.0,0.0
-9.0,2.0,0.0,0.0
-9.0,2.0,0.0,0.0
-9.0,0.0,0.0,0.0
-9.0,0.0,0.0,0.0
-9.0,0.0,0.0,0.0
-9.0,0.0,0.0,0.0
-9.0,0.0,0.0,0.0
-9.0,0.0,0.0,0.0
-9.0,0.0,0.0,0.0
-9.0,0.0,0.0,0.0
-9.0,0.0,0.0,0.0
-9.0,0.0,0.0,0.0
-9.0,0.0,0.0,0.0
-9.0,0.0,0.0,0.0
-9.0,0.0,0.0,0.0
-9.0,0.0,0.0,0.0
-9.0,0.0,0.0,1.0
-8.0,0.0,0.0,1.0
-8.0,0.0,0.0,1.0
-8.0,0.0,0.0,1.0
-8.0,0.0,0.0,1.0
-8.0,0.0,0.0,1.0
-8.0,0.0,0.0,1.0
-8.0,0.0,0.0,1.0
-9.0,0.0,0.0,0
-9.0,0,0.0,1.0
-9.0,0.0,0.0,1.0
-9.0,0.0,0.0,1.0
-9.0,0.0,0.0,1.0
-9.0,0.0,0.0,1.0
-9.0,0.0,0.0,1.0
-9.0,0.0,0.0,1.0
-9.0,0.0,0.0,1.0
-9.0,0.0,0.0,1.0
-9.0,0.0,0.0,1.0
-9.0,0.0,0.0,1.0
-9.0,0.0,0.0,1.0
-9.0,0.0,0.0,1.0
-9.0,0.0,0.0,1.0
-9.0,0.0,0.0,1.0
-9.0,0.0,0.0,1.0
-9.0,0.0,0.0,1.0
-9.0,0.0,0.0,1.0
-9.0,0.0,0.0,1.0
-9.0,0.0,0.0,1.0
-9.0,0.0,0.0,1.0
-9.0,0.0,0.0,1.0
-9.0,0.0,0.0,1.0
-9.0,0.0,0.0,1.0
-9.0,0.0,0.0,1.0
-9.0,0.0,0.0,1.0
-9.0,0.0,0.0,1.0
-9.0,0.0,0.0,1.0
-9.0,0.0,0.0,1.0
-9.0,0.0,0.0,1.0
-9.0,0.0,0.0,1.0
-9.0,0.0,0.0,1.0
-9.0,0.0,0.0,1.0
-9.0,0.0,0.0,1.0
-9.0,0.0,2.0,1.0
-5.0,0.0,2.0,1.0
5.0,0.0,2.0,1.0
5.0,0.0,2.0,1.0
5.0,0.0,2.0,1.0
5.0,0.0,2.0,1.0
1.0,0.0,-4.0,0.0
1.0,0.0,-4.0,0.0
1.0,0.0,-4.0,0.0
-9.0,0.0,-4.0,0.0
-9.0,0.0,-4.0,0.0
-9.0,0.0,0.0,-1.0
-9.0,0.0,0.0,-2.0
-9.0,0.0,0.0,-12.0
-10.0,1.0,0.0,-12.0
-9.0,0.0,0.0,-12.0
-9.0,0.0,0.0,-12.0
-9.0,0.0,0.0,-1.0
-10.0,0.0,0.0,-1.0
-10.0,0.0,-4.0,0.0
-10.0,0.0,-4.0,0.0
-10.0,0.0,-4.0,0.0
-10.0,0.0,-4.0,0.0
-10.0,0.0,-2.0,1.0
-10.0,0.0,2.0,1.0
-10.0,0.0,2.0,1.0
0.0,0.0,-2.0,1.0
0.0,0.0,-2.0,1.0
0.0,0.0,-2.0,1.0
0.0,0.0,0.0,1.0
0.0,-100,0.0,1.0
0.0,0.0,0.0,1.0
0.0,0.0,0.0,1.0
0.0,0.0,0.0,1.0
0.0,0.0,0.0,1.0
0.0,0.0,0.0,1.0
0.0,0.0,0.0,1.0
0.0,0.0,0.0,1.0
0.0,0.0,0.0,1.0
0.0,0.0,0.0,1.0
0.0,0.0,0.0,1.0
1.0,0.0,0.0,1.0
1.0,0.0,0.0,1.0
1.0,0.0,0.0,1.0
0.0,0.0,0.0,1.0
0.0,0.0,0.0,1.0
0.0,0.0,0.0,1.0
0.0,0.0,0.0,1.0
0.0,0.0,0.0,1.0
0.0,0.0,0.0,1.0
0.0,0.0,0.0,1.0
0.0,0.0,0.0,1.0
0.0,0.0,0.0,1.0
0.0,0.0,0.0,1.0
0.0,0.0,0.0,1.0
0.0,0.0,0.0,1.0
0.0,0.0,0.0,-9.0
0.0,0.0,0.0,-9.0
0.0,0.0,0.0,-9.0
0.0,0.0,0.0,-9.0
0.0,0.0,0.0,-9.0
0.0,0.0,0.0,-9.0
0.0,0.0,0.0,-9.0
0.0,0.0,0.0,-9.0
0.0,0.0,0.0,-9.0
0.0,0.0,0.0,-9.0
0.0,0.0,0.0,-9.0
0.0,0.0,0.0,-9.0
0.0,0.0,0.0,1.0
0.0,0.0,0.0,1.0
0.0,0.0,0.0,1.0
0.0,0.0,0.0,1.0
0.0,0.0,0.0,1.0
0.0,0.0,0.0,1.0
0.0,0.0,0.0,1.0
0.0,0.0,0.0,1.0
0.0,0.0,0.0,1.0
0.0,0.0,0.0,1.0
0.0,0.0,0.0,1.0
0.0,0.0,0.0,1.0
0.0,0.0,0.0,1.0
0.0,0.0,0.0,1.0
0.0,0.0,0.0,1.0
0.0,0.0,0.0,1.0
0.0,0.0,0.0,1.0
0.0,0.0,0.0,1.0
0.0,0.0,0.0,1.0
0.0,0.0,0.0,1.0
0.0,0.0,0.0,1.0
0.0,0.0,0.0,1.0
0.0,0.0,0.0,1.0
0.0,0.0,0.0,1.0
0.0,0.0,0.0,1.0
0.0,0.0,0.0,1.0
0.0,-100,0.0,1.0
0.0,-100,0.0,1.0
0.0,-100,0.0,1.0
0.0,-100,0.0,1.0
0.0,-100,0.0,1.0
0.0,-100,0.0,1.0
0.0,-100,0.0,1.0
0.0,-100,0.0,1.0
0.0,-100,0.0,1.0
0.0,-100,0.0,1.0
0.0,-100,0.0,1.0
0.0,-100,0.0,1.0
0.0,-100,0.0,1.0
0.0,-100,0.0,1.0
0.0,-100,0.0,1.0
0.0,-100,0.0,1.0
0.0,-100,0.0,1.0
0.0,-100,0.0,1.0
0.0,-100,0.0,1.0
0.0,-100,0.0,1.0
0.0,-100,0.0,1.0
0.0,-100,0.0,1.0
0.0,-100,0.0,1.0
0.0,-100,0.0,1.0
0.0,-100,0.0,1.0
0.0,-100,0.0,1.0
0.0,-100,0.0,1.0
0.0,-100,0.0,1.0
0.0,-100,0.0,1.0
0.0,-100,0.0,1.0
0.0,-100,0.0,1.0
0.0,-100,0.0,1.0
0.0,-100,0.0,1.0
0.0,-100,0.0,1.0
0.0,-100,0.0,1.0
0.0,-100,0.0,1.0
0.0,-100,0.0,1.0
0.0,-100,0.0,1.0
0.0,-100,0.0,1.0
0.0,-100,0.0,0.0
0.0,-100,0.0,0.0
0.0,-100,0.0,0.0
0.0,-100,0.0,0.0
0.0,-100,0.0,0.0
0.0,-100,0.0,0.0
0.0,-100,0.0,0.0
0.0,-100,0.0,0.0
0.0,-100,0.0,0.0
0.0,-100,0.0,0.0
0.0,-100,0.0,0.0
0.0,-100,0.0,0.0
0.0,-100,0.0,0.0
0.0,-100,0.0,0.0
0.0,-100,0.0,0.0
0.0,-100,0.0,0.0
0.0,-100,0.0,0.0
0.0,-100,0.0,0.0
0.0,-100,0.0,0.0
0.0,-100,0.0,0.0
0.0,-100,0.0,0.0
0.0,-100,0.0,0.0
0.0,-100,0.0,0.0
0.0,-100,0.0,0.0
0.0,-100,0.0,0.0
0.0,-100,0.0,0.0
0.0,-100,0.0,0.0
0.0,-100,0.0,0.0
0.0,-100,0.0,0.0
0.0,-100,0.0,0.0
0.0,-100,0.0,0.0
0.0,-100,0.0,0.0
0.0,-100,0.0,-1.0
0.0,-100,0.0,-1.0
0.0,-100,0.0,-1.0
0.0,-100,0.0,-1.0
0.0,-100,0.0,-1.0
0.0,-100,0.0,-1.0
0.0,-100,0.0,-1.0
0.0,-100,0.0,-1.0
0.0,-100,0.0,-1.0
0.0,-100,0.0,-1.0
0.0,-100,0.0,-1.0
0.0,-100,0.0,-1.0
0.0,-100,0.0,-1.0
0.0,-100,0.0,-1.0
0.0,-100,0.0,-1.0
0.0,-100,0.0,-1.0
0.0,-100,0.0,-1.0
0.0,-100,0.0,-1.0
0.0,-100,0.0,-1.0
0.0,-100,0.0,-1.0
0.0,-100,0.0,-11.0
0.0,-100,0.0,-11.0
0.0,-100,0.0,-11.0
0.0,-100,0.0,-11.0
0.0,-100,0.0,-11.0
0.0,-100,0.0,-11.0
0.0,-100,0.0,-15.0
0.0,-100,0.0,-15.0
0.0,-100,0.0,-15.0
0.0,-100,0.0,-15.0
0.0,-100,0.0,-15.0
0.0,-100,0.0,-15.0
0.0,-100,0.0,-15.0
0.0,-100,0.0,-15.0
0.0,-100,0.0,-15.0
0.0,-100,0.0,-15.0
0.0,-100,0.0,-15.0
0.0,-100,0.0,-15.0
0.0,-100,0.0,-15.0
0.0,-100,0.0,-15.0
0.0,-100,0.0,-15.0
0.0,-100,0.0,-15.0
0.0,-100,0.0,-15.0
0.0,-100,0.0,-15.0
0.0,-100,0.0,-5.0
0.0,-100,0.0,-5.0
0.0,-100,0.0,-5.0
0.0,-100,0.0,-5.0
0.0,-100,0.0,-5.0
0.0,-100,0.0,-5.0
0.0,-100,0.0,-5.0
0.0,-100,0.0,-15.0
0.0,-100,0.0,-15.0
0.0,-100,0.0,-15.0
0.0,-100,0.0,-15.0
0.0,-100,0.0,-15.0
0.0,-100,0.0,-15.0
0.0,-100,0.0,-15.0
0.0,-100,0.0,-15.0
0.0,-100,0.0,-15.0
0.0,-100,0.0,-15.0
0.0,-100,0.0,-15.0
0.0,-100,0.0,-15.0
0.0,-100,0.0,-15.0
0.0,-100,0.0,-15.0
0.0,-100,0.0,-15.0
0.0,-100,0.0,-15.0
0.0,-100,0.0,-24.0
0.0,-100,0.0,-24.0
0.0,-100,0.0,-24.0
0.0,-100,0.0,-24.0
0.0,-100,0.0,-24.0
0.0,-100,0.0,-24.0
0.0,-100,0.0,-24.0
0.0,-100,0.0,-24.0
0.0,-100,0.0,-10.0
0.0,-100,0.0,-10.0
0.0,-100,0.0,-10.0
0.0,-100,0.0,-10.0
0.0,-100,0.0,-10.0
0.0,-100,0.0,-10.0
0.0,-100,0.0,-10.0
0.0,-100,0.0,-10.0
0.0,-100,0.0,-10.0
0.0,-100,0.0,-10.0
0.0,-100,0.0,-10.0
0.0,-100,0.0,-10.0
0.0,-100,0.0,-10.0
0.0,-100,0.0,-10.0
0.0,-100,0.0,-10.0
0.0,-100,0.0,-10.0
0.0,-100,0.0,-10.0
0.0,-100,0.0,0.0
0.0,-100,0.0,0.0
0.0,-100,0.0,0.0
0.0,-100,0.0,0.0
0.0,-100,0.0,0.0
0.0,-100,0.0,0.0
0.0,-100,0.0,0.0
0.0,-100,0.0,1.0
0.0,-100,0.0,1.0
0.0,-100,0.0,1.0
0.0,-100,0.0,1.0
0.0,-100,0.0,1.0
0.0,-100,0.0,1.0
0.0,-100,0.0,1.0
0.0,-100,0.0,1.0
0.0,-100,0.0,1.0
0.0,-100,0.0,1.0
0.0,-100,0.0,1.0
0.0,-100,0.0,1.0
0.0,-100,0.0,1.0
0.0,-100,0.0,1.0
0.0,-100,0.0,1.0
0.0,-100,0.0,1.0
0.0,-100,0.0,1.0
0.0,-100,0.0,1.0
0.0,-100,0.0,1.0
0.0,-100,0.0,1.0
0.0,-100,0.0,1.0
0.0,-100,0.0,1.0
0.0,-100,0.0,1.0
0.0,-100,0.0,1.0
0.0,-100,0.0,1.0
0.0,-100,0.0,1.0
0.0,-100,0.0,1.0
0.0,-100,0.0,1.0
0.0,-100,0.0,1.0
0.0,-100,0.0,1.0
0.0,-100,0.0,1.0
0.0,-100,0.0,1.0
0.0,-100,0.0,1.0
0.0,-100,0.0,1.0
0.0,-100,0.0,-3.0
0.0,-100,0.0,-3.0
0.0,-100,0.0,-3.0
0.0,-100,0.0,-3.0
0.0,-100,0.0,-3.0
0.0,-100,0.0,-3.0
0.0,-100,0.0,-3.0
0.0,-100,0.0,-3.0
0.0,-100,0.0,-3.0
0.0,-100,0.0,-3.0
0.0,-100,0.0,-3.0
0.0,-100,0.0,-3.0
0.0,-100,0.0,-3.0
0.0,-100,0.0,-3.0
0.0,-100,0.0,-3.0
0.0,-100,0.0,-3.0
0.0,-100,0.0,-3.0
0.0,-100,0.0,-3.0
0.0,-100,0.0,-3.0
0.0,-100,0.0,-3.0
0.0,-100,0.0,-3.0
0.0,-100,0.0,-3.0
0.0,-100,0.0,-3.0
0.0,-100,0.0,-3.0
0.0,-100,0.0,-3.0
0.0,-100,0.0,-3.0
0.0,-100,0.0,-3.0
0.0,-100,0.0,-3.0
0.0,-100,0.0,-3.0
0.0,-100,0.0,-3.0
0.0,-100,0.0,-3.0
0.0,-100,0.0,-3.0
0.0,-100,0.0,-3.0
0.0,-100,0.0,-3.0
0.0,-100,0.0,-3.0
0.0,-100,0.0,-3.0
0.0,-100,0.0,-3.0
0.0,-100,0.0,-3.0
0.0,-100,0.0,-3.0
0.0,-100,0.0,-3.0
0.0,-100,0.0,-3.0
0.0,-100,0.0,-3.0
0.0,-100,0.0,-3.0
0.0,-100,0.0,-3.0
0.0,-100,0.0,-3.0
0.0,-100,0.0,-3.0
0.0,-100,0.0,-3.0
0.0,-100,0.0,-3.0
0.0,-100,0.0,-3.0
0.0,-100,0.0,1.0
0.0,-100,0.0,1.0
0.0,-100,0.0,1.0
0.0,-100,0.0,1.0
0.0,-100,0.0,1.0
0.0,-100,0.0,1.0
0.0,-100,0.0,1.0
0.0,-100,0.0,1.0
0.0,-100,0.0,1.0
0.0,-100,0.0,1.0
0.0,-100,0.0,1.0
0.0,-100,0.0,1.0
0.0,-100,0.0,1.0
0.0,-100,0.0,-9.0
0.0,-100,0.0,-9.0
0.0,-100,0.0,-10.0
0.0,-100,0.0,-10.0
0.0,-100,0.0,-10.0
0.0,-100,0.0,-10.0
0.0,-100,0.0,-10.0
0.0,-100,0.0,-10.0
0.0,-100,0.0,-10.0
0.0,-100,0.0,-10.0
0.0,-100,0.0,-10.0
0.0,-100,0.0,-10.0
0.0,-100,0.0,-10.0
0.0,-100,0.0,-10.0
0.0,-100,0.0,-10.0
0.0,-100,0.0,-10.0
-4.0,-100,0.0,-10.0
-4.0,-100,0.0,-10.0
-4.0,-100,0.0,-10.0
-4.0,-100,0.0,-10.0
-4.0,-100,0.0,-10.0
-4.0,-100,0.0,-10.0
-4.0,-100,0.0,-10.0
-4.0,-100,0.0,-10.0
-4.0,-100,0.0,-10.0
-4.0,-100,0.0,0.0
-4.0,-100,0.0,0.0
-4.0,-100,0.0,0.0
-4.0,-100,0.0,0.0
-4.0,-100,0.0,0.0
-4.0,-100,0.0,0.0
-4.0,-100,0.0,-10.0
-4.0,-100,0.0,-10.0
-4.0,-100,0.0,-10.0
-4.0,-100,0.0,-10.0
-4.0,-100,0.0,-10.0
-4.0,-100,0.0,-10.0
-4.0,-100,0.0,-10.0
-4.0,-100,0.0,-10.0
-4.0,-100,0.0,-10.0
-4.0,-100,0.0,-10.0
-4.0,-100,0.0,-10.0
-4.0,-100,0.0,-10.0
-4.0,-100,0.0,-10.0
-4.0,-100,0.0,-10.0
-4.0,-100,0.0,-10.0
-4.0,-100,0.0,-10.0
-4.0,-100,0.0,-10.0
-4.0,-100,0.0,-20.0
-4.0,-100,0.0,-20.0
-4.0,-100,0.0,-20.0
-4.0,-100,0.0,-20.0
-4.0,-100,0.0,-20.0
0.0,-100,0.0,-20.0
0.0,-100,0.0,-20.0
0.0,-100,0.0,-20.0
0.0,-100,0.0,-10.0
0.0,-100,0.0,-10.0
0.0,-100,0.0,-10.0
0.0,-100,0.0,-10.0
0.0,-100,0.0,-10.0
0.0,-100,0.0,-10.0
0.0,-100,0.0,-10.0
0.0,-100,0.0,-10.0
0.0,-100,0.0,-10.0
0.0,-100,0.0,-10.0
0.0,-100,0.0,-10.0
0.0,-100,0.0,-10.0
0.0,-100,0.0,-10.0
0.0,-100,0.0,-10.0
0.0,-100,0.0,-10.0
0.0,-100,0.0,-10.0
-10.0,-100,0.0,-10.0
-10.0,-100,0.0,0.0
-10.0,-100,0.0,0.0
-10.0,-100,0.0,0.0
-10.0,-100,0.0,0.0
-10.0,-100,0.0,0.0
-10.0,-100,0.0,0.0
-10.0,-100,0.0,0.0
-10.0,-100,0.0,0.0
-10.0,-100,0.0,0.0
-10.0,-100,0.0,0.0
-10.0,-100,0.0,0.0
-10.0,-100,0.0,0.0
-10.0,-100,0.0,0.0
-10.0,-100,0.0,0.0
-10.0,-100,0.0,0.0
-10.0,-100,0.0,0.0
-10.0,-100,0.0,0.0
-10.0,-100,0.0,0.0
-10.0,-100,0.0,0.0
-10.0,-100,0.0,0.0
0.0,0.0,0.0,0.0
0.0,0.0,0.0,0.0
0.0,0.0,0.0,0.0
0.0,0.0,0.0,0.0
0.0,0.0,0.0,0.0
0.0,0.0,0.0,0.0
0.0,0.0,0.0,0.0
0.0,0.0,0.0,0.0
0.0,0.0,0.0,0.0
0.0,0.0,0.0,0.0
0.0,0.0,0.0,0.0
0.0,0.0,0.0,0.0
0.0,0.0,0.0,0.0
0.0,0.0,0.0,0.0
0.0,0.0,0.0,0.0
0.0,0.0,0.0,0.0
0.0,0.0,0.0,0.0
0.0,0.0,0.0,0.0
0.0,0.0,0.0,0.0
0.0,0.0,0.0,0.0
0.0,0.0,0.0,0.0
0.0,0.0,0.0,0.0
0.0,0.0,0.0,0.0
0.0,0.0,0.0,0.0
0.0,0.0,0.0,0.0
0.0,0.0,0.0,0.0
0.0,0.0,0.0,0.0
0.0,0.0,0.0,0.0
0.0,0.0,0.0,0.0
0.0,0.0,0.0,0.0
0.0,0.0,0.0,0.0
0.0,0.0,0.0,0.0
0.0,0.0,0.0,0.0
0.0,0.0,0.0,0.0
0.0,0.0,0.0,0.0
0.0,0.0,0.0,0.0
0.0,0.0,0.0,0.0
0.0,0.0,0.0,0.0
0.0,0.0,0.0,0.0
0.0,0.0,0.0,0.0
0.0,0.0,0.0,0.0
0.0,0.0,0.0,0.0
0.0,0.0,0.0,0.0
0.0,0.0,0.0,0.0
0.0,0.0,0.0,0.0
0.0,0.0,0.0,0.0
0.0,0.0,0.0,0.0
0.0,0.0,0.0,0.0
0.0,0.0,0.0,0.0
0.0,0.0,0.0,0.0
0.0,0.0,0.0,0.0
0.0,0.0,0.0,0.0
0.0,0.0,0.0,0.0
0.0,0.0,0.0,0.0
0.0,0.0,0.0,0.0
0.0,0.0,0.0,0.0
0.0,0.0,0.0,0.0
0.0,0.0,0.0,0.0
0.0,0.0,0.0,0.0
0.0,0.0,0.0,0.0
0.0,0.0,0.0,0.0
0.0,0.0,0.0,0.0
0.0,0.0,0.0,0.0
0.0,0.0,0.0,0.0
0.0,0.0,0.0,0.0
0.0,0.0,0.0,0.0
0.0,0.0,0.0,0.0
0.0,0.0,0.0,0.0
0.0,0.0,0.0,0.0
0.0,0.0,0.0,0.0
0.0,0.0,0.0,0.0
0.0,0.0,0.0,0.0
0.0,0.0,0.0,0.0
0.0,0.0,0.0,0.0
0.0,0.0,0.0,0.0
0.0,0.0,0.0,0.0
0.0,0.0,0.0,0.0
0.0,0.0,0.0,0.0
0.0,0.0,0.0,0.0
0.0,0.0,0.0,0.0
0.0,0.0,0.0,0.0
0.0,0.0,0.0,0.0
0.0,0.0,0.0,0.0
0.0,0.0,0.0,-10.0
0.0,0.0,0.0,-14.0
0.0,0.0,0.0,-14.0
0.0,0.0,0.0,-14.0
0.0,0.0,0.0,-15.0
0.0,0.0,0.0,-15.0
0.0,0.0,0.0,-15.0
0.0,0.0,0.0,-15.0
0.0,0.0,0.0,-15.0
0.0,0.0,0.0,-15.0
0.0,0.0,0.0,-15.0
0.0,0.0,0.0,-15.0
0.0,0.0,0.0,-15.0
0.0,0.0,0.0,-15.0
0.0,0.0,0.0,-15.0
0.0,0.0,0.0,-15.0
0.0,0.0,0.0,-15.0
0.0,0.0,0.0,-15.0
0.0,0.0,0.0,-15.0
0.0,0.0,0.0,-15.0
0.0,0.0,0.0,-15.0
0.0,0.0,0.0,-15.0
0.0,0.0,0.0,-15.0
0.0,0.0,0.0,-15.0
0.0,0.0,0.0,-15.0
0.0,0.0,0.0,-5.0
0.0,0.0,0.0,-5.0
0.0,0.0,0.0,-5.0
0.0,0.0,0.0,-5.0
0.0,0.0,0.0,-5.0
0.0,0.0,0.0,-5.0
0.0,0.0,0.0,-5.0
0.0,0.0,0.0,-5.0
0.0,0.0,0.0,-5.0
0.0,0.0,0.0,-5.0
0.0,0.0,0.0,-5.0
0.0,0.0,0.0,-5.0
0.0,0.0,0.0,-5.0
0.0,0.0,0.0,-5.0
0.0,0.0,0.0,-5.0
0.0,0.0,0.0,-5.0
0.0,0.0,0.0,-5.0
0.0,0.0,0.0,-5.0
0.0,0.0,0.0,-5.0
0.0,0.0,0.0,-5.0
0.0,0.0,0.0,-5.0
0.0,0.0,0.0,-5.0
0.0,0.0,0.0,-5.0
0.0,0.0,0.0,-15.0
0.0,0.0,0.0,-15.0
0.0,0.0,0.0,-11.0
0.0,0.0,0.0,-11.0
0.0,0.0,0.0,-11.0
0.0,0.0,0.0,-11.0
0.0,0.0,0.0,-11.0
0.0,0.0,0.0,-11.0
0.0,0.0,0.0,-11.0
0.0,0.0,0.0,-11.0
0.0,0.0,0.0,-11.0
0.0,0.0,0.0,-11.0
0.0,0.0,0.0,-21.0
0.0,0.0,0.0,-21.0
0.0,0.0,0.0,-21.0
0.0,0.0,0.0,-21.0
0.0,0.0,0.0,-21.0
0.0,0.0,0.0,-21.0
0.0,0.0,0.0,-21.0
0.0,0.0,0.0,-21.0
0.0,0.0,0.0,-21.0
0.0,0.0,0.0,-21.0
0.0,0.0,0.0,-21.0
0.0,0.0,0.0,-21.0
0.0,0.0,0.0,-21.0
0.0,0.0,0.0,-11.0
0.0,0.0,0.0,-11.0
0.0,0.0,0.0,-11.0
0.0,0.0,0.0,-11.0
0.0,0.0,0.0,-11.0
0.0,0.0,0.0,-11.0
0.0,0.0,0.0,-11.0
0.0,0.0,0.0,-11.0
0.0,0.0,0.0,-11.0
0.0,0.0,0.0,-11.0
0.0,0.0,0.0,-11.0
0.0,0.0,0.0,-1.0
0.0,0.0,0.0,-1.0
0.0,0.0,0.0,-1.0
0.0,0.0,0.0,-1.0
0.0,0.0,0.0,-1.0
0.0,0.0,0.0,-1.0
0.0,0.0,0.0,-1.0
0.0,0.0,0.0,-1.0
0.0,0.0,0.0,-1.0
0.0,0.0,0.0,-1.0
0.0,0.0,0.0,-1.0
0.0,0.0,0.0,-1.0
0.0,0.0,0.0,-1.0
0.0,0.0,0.0,-1.0
0.0,0.0,0.0,-1.0
0.0,0.0,0.0,-1.0
0.0,0.0,0.0,-1.0
0.0,0.0,0.0,-1.0
0.0,0.0,0.0,-1.0
0.0,0.0,0.0,0.0
0.0,0.0,0.0,0.0
0.0,0.0,0.0,0.0
0.0,0.0,0.0,0.0
0.0,0.0,0.0,0.0
0.0,0.0,0.0,-4.0
0.0,0.0,0.0,-4.0
0.0,0.0,0.0,-4.0
0.0,0.0,0.0,-4.0
0.0,0.0,0.0,-4.0
0.0,0.0,0.0,-4.0
0.0,0.0,0.0,-4.0
0.0,0.0,0.0,-4.0
0.0,0.0,0.0,-4.0
0.0,0.0,0.0,-4.0
0.0,0.0,0.0,-4.0
0.0,0.0,0.0,-4.0
0.0,0.0,0.0,-4.0
0.0,0.0,0.0,-4.0
0.0,0.0,0.0,-4.0
0.0,0.0,0.0,-4.0
0.0,0.0,0.0,-4.0
0.0,0.0,0.0,-4.0
0.0,0.0,0.0,-4.0
0.0,0.0,0.0,-4.0
0.0,0.0,0.0,-4.0
0.0,0.0,0.0,-4.0
0.0,0.0,0.0,-4.0
0.0,0.0,0.0,-4.0
0.0,0.0,0.0,-4.0
0.0,0.0,0.0,-4.0
0.0,0.0,0.0,-4.0
0.0,0.0,0.0,-4.0
0.0,0.0,0.0,-4.0
0.0,0.0,0.0,-4.0
0.0,0.0,0.0,-4.0
0.0,0.0,0.0,-4.0
0.0,0.0,0.0,-4.0
0.0,0.0,0.0,-4.0
0.0,0.0,0.0,-4.0
0.0,0.0,0.0,-4.0
0.0,0.0,0.0,-4.0
0.0,0.0,0.0,-4.0
0.0,0.0,0.0,-4.0
0.0,0.0,0.0,-4.0
0.0,0.0,0.0,-4.0
0.0,0.0,0.0,-4.0
0.0,0.0,0.0,-4.0
0.0,0.0,0.0,-4.0
0.0,0.0,0.0,-4.0
0.0,0.0,0.0,-4.0
0.0,0.0,0.0,-2.0
0.0,0.0,0.0,-2.0
0.0,0.0,0.0,-2.0
0.0,0.0,0.0,2.0
0.0,0.0,0.0,2.0
0.0,0.0,0.0,2.0
0.0,0.0,0.0,2.0
0.0,0.0,0.0,2.0
0.0,0.0,0.0,2.0
0.0,-4.0,0.0,2.0
-1.0,-4.0,0.0,2.0
-1.0,-4.0,0.0,2.0
-1.0,0.0,0.0,2.0
2.0,0.0,0.0,2.0
2.0,0.0,0.0,2.0
2.0,0.0,0.0,-8.0
2.0,0.0,0.0,-8.0
2.0,0.0,0.0,-9.0
2.0,0.0,0.0,0.0
2.0,0.0,-1.0,4.0
2.0,0.0,-1.0,4.0
2.0,0.0,-1.0,4.0
2.0,1.0,-1.0,4.0
-1.0,1.0,-1.0,4.0
-1.0,1.0,-1.0,4.0
-1.0,0.0,-1.0,4.0
0.0,0.0,-1.0,4.0
0.0,0.0,-1.0,4.0
0.0,0.0,-1.0,4.0
-10.0,0.0,-1.0,4.0
-10.0,0.0,-1.0,4.0
0.0,0.0,-1.0,4.0
0.0,1.0,-1.0,3.0
0.0,0.0,-1.0,3.0
2.0,0.0,-1.0,3.0
2.0,0.0,-1.0,3.0
-2.0,0.0,-1.0,3.0
-3.0,0.0,-1.0,3.0
-14.0,0.0,-1.0,3.0
-9.0,0.0,-1.0,3.0
-9.0,0.0,-1.0,3.0
-11.0,-1.0,-1.0,4.0
-2.0,0.0,-1.0,4.0
-2.0,2.0,-11.0,0.0
-2.0,2.0,3.0,0.0
-2.0,0.0,3.0,0.0
-11.0,0.0,3.0,0.0
-9.0,0.0,3.0,0.0
1.0,0.0,3.0,0.0
-4.0,0.0,3.0,0.0
-3.0,0.0,3.0,0.0
-12.0,0.0,3.0,0.0
-12.0,0.0,3.0,0.0
-9.0,0.0,3.0,0.0
1.0,0.0,3.0,0.0
0.0,0.0,3.0,0.0
0.0,0.0,3.0,0.0
0.0,0.0,3.0,0.0
0.0,0.0,3.0,0.0
0.0,0.0,3.0,0.0
0.0,0.0,-1.0,0.0
-1.0,0.0,-1.0,0.0
5.0,0.0,-1.0,0.0
1.0,0.0,-1.0,4.0
-1.0,0.0,-1.0,4.0
0.0,0.0,-1.0,4.0
-10.0,0.0,-1.0,4.0
-10.0,0.0,-1.0,4.0
-10.0,0.0,-1.0,4.0
0.0,0.0,-1.0,4.0
0.0,0.0,-1.0,4.0
1.0,0.0,-1.0,4.0
-3.0,0.0,-1.0,4.0
-13.0,0.0,-1.0,4.0
-13.0,0.0,-1.0,4.0
-13.0,0.0,-1.0,4.0
-9.0,0.0,-1.0,4.0
0.0,0.0,-1.0,4.0
0.0,0.0,-1.0,4.0
1.0,0.0,-1.0,4.0
-3.0,0.0,-1.0,4.0
-3.0,0.0,-1.0,0.0
-1.0,0.0,-1.0,0.0
-7.0,0.0,-1.0,0.0
-7.0,0.0,-1.0,0.0
-10.0,2.0,-1.0,0.0
-8.0,2.0,-1.0,0.0
-8.0,2.0,-1.0,0.0
-8.0,2.0,-1.0,0.0
-8.0,0.0,0.0,0.0
-8.0,0.0,0.0,0.0
-8.0,0.0,0.0,0.0
-8.0,0.0,1.0,0.0
-8.0,0.0,1.0,0.0
-8.0,0.0,1.0,0.0
-8.0,0.0,1.0,0.0
-8.0,0.0,1.0,0.0
-8.0,0.0,1.0,0.0
-8.0,0.0,1.0,0.0
-8.0,0.0,1.0,0.0
-8.0,0.0,1.0,0.0
-8.0,0.0,1.0,0.0
-8.0,0.0,1.0,0.0
-8.0,0.0,1.0,0.0
-8.0,0.0,1.0,0.0
-8.0,0.0,1.0,0.0
-8.0,0.0,1.0,0.0
-8.0,0.0,1.0,0.0
-8.0,0.0,1.0,0.0
-8.0,0.0,1.0,0.0
-8.0,0.0,1.0,0.0
-8.0,0.0,1.0,0.0
-8.0,0.0,1.0,0.0
-8.0,0.0,1.0,0.0
-8.0,0.0,1.0,0.0
-8.0,0.0,1.0,0.0
-8.0,0.0,1.0,0.0
-8.0,0.0,1.0,0.0
-8.0,0.0,1.0,0.0
-8.0,0.0,1.0,0.0
-8.0,0.0,1.0,0.0
-8.0,0.0,1.0,0.0
-8.0,0.0,1.0,0.0
-8.0,0.0,1.0,0.0
-8.0,0.0,1.0,0.0
-8.0,0.0,1.0,0.0
-8.0,0.0,1.0,0.0
-8.0,0.0,1.0,0.0
-8.0,0.0,1.0,0.0
-8.0,0.0,1.0,0.0
-8.0,0.0,1.0,0.0
-8.0,0.0,1.0,0.0
-8.0,0.0,1.0,0.0
-8.0,0.0,1.0,0.0
-8.0,0.0,1.0,0.0
-8.0,0.0,1.0,0.0
-8.0,0.0,1.0,0.0
-8.0,0.0,1.0,0.0
-8.0,0.0,1.0,0.0
-8.0,0.0,1.0,0.0
-8.0,0.0,1.0,0.0
-8.0,0.0,1.0,0.0
-8.0,0.0,1.0,0.0
-8.0,0.0,1.0,0.0
-8.0,0.0,1.0,0.0
-8.0,0.0,1.0,0.0
-8.0,0.0,1.0,0.0
-8.0,0.0,1.0,0.0
-8.0,0.0,1.0,0.0
-8.0,0.0,1.0,0.0
-8.0,0.0,1.0,0.0
-8.0,0.0,1.0,0.0
-8.0,0.0,1.0,0.0
-8.0,0.0,1.0,0.0
-8.0,0.0,1.0,0.0
-8.0,0.0,1.0,0.0
-8.0,0.0,1.0,0.0
-8.0,0.0,1.0,0.0
-8.0,0.0,1.0,0.0
-8.0,0.0,1.0,0.0
-8.0,0.0,1.0,0.0
-8.0,0.0,1.0,0.0
-8.0,0.0,1.0,0.0
-8.0,0.0,1.0,0.0
-8.0,0.0,1.0,0.0
-8.0,0.0,1.0,0.0
-8.0,0.0,1.0,0.0
-8.0,0.0,1.0,0.0
-8.0,0.0,1.0,0.0
-8.0,0.0,1.0,0.0
-8.0,0.0,1.0,0.0
-8.0,0.0,1.0,0.0
-8.0,0.0,1.0,0.0
-8.0,0.0,1.0,0.0
0.0,0.0,1.0,0.0
0.0,0.0,1.0,0.0
0.0,0.0,1.0,0.0
0.0,0.0,1.0,0.0
0.0,0.0,1.0,0.0
0.0,0.0,1.0,0.0
0.0,0.0,1.0,0.0
0.0,0.0,1.0,0.0
0.0,0.0,1.0,0.0
0.0,0.0,1.0,-10.0
0.0,0.0,1.0,-10.0
0.0,0.0,1.0,-10.0
0.0,0.0,1.0,-10.0
0.0,0.0,1.0,-10.0
0.0,0.0,1.0,-10.0
0.0,0.0,1.0,-10.0
0.0,0.0,1.0,-10.0
0.0,0.0,1.0,-10.0
0.0,0.0,1.0,-10.0
0.0,0.0,1.0,-10.0
0.0,0.0,1.0,-10.0
0.0,0.0,1.0,-10.0
0.0,0.0,1.0,-10.0
0.0,0.0,1.0,-10.0
0.0,0.0,1.0,-10.0
0.0,0.0,1.0,-10.0
0.0,0.0,-9.0,-10.0
0.0,0.0,-9.0,-10.0
0.0,0.0,-9.0,-10.0
0.0,0.0,-9.0,-10.0
0.0,0.0,-9.0,-10.0
0.0,0.0,-9.0,-10.0
0.0,0.0,-9.0,-10.0
0.0,0.0,-9.0,-10.0
0.0,0.0,-9.0,0.0
0.0,0.0,-9.0,0.0
0.0,0.0,-10.0,0.0
0.0,0.0,-20.0,0.0
0.0,0.0,-20.0,0.0
0.0,0.0,-20.0,0.0
0.0,0.0,-20.0,0.0
0.0,0.0,-20.0,0.0
0.0,0.0,-20.0,0.0
0.0,0.0,-20.0,0.0
0.0,0.0,-20.0,0.0
0.0,0.0,-20.0,0.0
0.0,0.0,-24.0,0.0
0.0,0.0,-24.0,0.0
0.0,0.0,-24.0,0.0
0.0,0.0,-24.0,0.0
0.0,0.0,-24.0,0.0
0.0,0.0,-14.0,0.0
0.0,0.0,-14.0,0.0
0.0,0.0,-14.0,0.0
0.0,0.0,-14.0,0.0
0.0,0.0,-14.0,0.0
0.0,0.0,-14.0,0.0
0.0,0.0,-14.0,0.0
0.0,0.0,-14.0,0.0
0.0,0.0,-14.0,0.0
0.0,0.0,-14.0,0.0
0.0,0.0,-14.0,0.0
0.0,0.0,-4.0,0.0
0.0,0.0,-4.0,0.0
0.0,0.0,-4.0,0.0
0.0,0.0,-4.0,0.0
0.0,0.0,-4.0,0.0
0.0,0.0,-4.0,0.0
0.0,0.0,-4.0,0.0
0.0,0.0,-4.0,0.0
0.0,0.0,-4.0,0.0
0.0,0.0,-4.0,0.0
0.0,0.0,-4.0,0.0
0.0,0.0,-4.0,0.0
0.0,0.0,-4.0,0.0
4.0,0.0,-4.0,0.0
4.0,0.0,-4.0,0.0
4.0,0.0,-1.0,0.0
4.0,0.0,0.0,0.0
4.0,0.0,0.0,0.0
4.0,0.0,0.0,0.0
4.0,0.0,-4.0,0.0
4.0,0.0,-4.0,0.0
4.0,0.0,-4.0,0.0
4.0,0.0,-4.0,0.0
4.0,0.0,-4.0,0.0
4.0,0.0,3.0,0.0
4.0,0.0,3.0,0.0
0,0.0,4.0,0.0
0,-4.0,3.0,0.0
0,-4.0,3.0,0.0
0,-4.0,3.0,0.0
0,-4.0,3.0,1.0
0.0,0.0,3.0,1.0
0.0,0.0,1.0,1.0
1.0,0.0,1.0,1.0
3.0,1.0,0.0,1.0
1.0,1.0,0.0,1.0
1.0,0.0,1.0,1.0
1.0,0.0,1.0,2.0
1.0,0.0,1.0,2.0
0.0,0.0,1.0,2.0
0.0,0.0,1.0,2.0
4.0,0.0,0.0,2.0
4.0,0.0,0.0,1.0
4.0,0.0,0.0,-9.0
4.0,0.0,0.0,-9.0
4.0,0.0,-1.0,-9.0
4.0,0.0,-11.0,-10.0
4.0,0.0,-21.0,0.0
4.0,0.0,-20.0,0.0
4.0,0.0,-10.0,0.0
0.0,0.0,-10.0,0.0
0.0,0,0.0,0.0
0.0,0,1.0,4.0
0.0,0,1.0,4.0
0.0,0,1.0,4.0
0.0,0,1.0,4.0
0.0,0,1.0,0.0
0.0,0,1.0,0.0
0.0,0,1.0,0.0
0.0,0,1.0,0.0
-1.0,0,1.0,0.0
-1.0,0,1.0,0.0
3.0,0,-3.0,0.0
-1.0,0,-1.0,0.0
0.0,0,0.0,0.0
0.0,0,0.0,0.0
0.0,0,0.0,0.0
0.0,0,0.0,0.0
0.0,0,0.0,0.0
0.0,0,0.0,0.0
0.0,0,0.0,0.0
0.0,0,-1.0,0.0
0.0,0,-1.0,0.0
0.0,0,-1.0,0.0
0.0,0,-1.0,0.0
0.0,0.0,-1.0,0.0
0.0,0.0,-1.0,0.0
0.0,0.0,-1.0,0.0
0.0,0.0,-1.0,0.0
0.0,1.0,-1.0,0.0
0.0,1.0,-1.0,0.0
0.0,1.0,-1.0,0.0
0.0,1.0,-1.0,0.0
0.0,1.0,-1.0,0.0
0.0,1.0,-1.0,0.0
0.0,1.0,-1.0,0.0
0.0,1.0,-2.0,0.0
0.0,1.0,-4.0,0.0
0.0,1.0,0.0,0.0
0.0,1.0,0.0,0.0
0.0,1.0,0.0,0.0
0.0,1.0,0.0,0.0
0.0,1.0,-1.0,0.0
0.0,0.0,3.0,2.0
0.0,0.0,3.0,2.0
0.0,0.0,3.0,2.0
0.0,0.0,3.0,2.0
2.0,0.0,3.0,2.0
2.0,0.0,3.0,2.0
2.0,0.0,3.0,2.0
2.0,0.0,3.0,2.0
0.0,0.0,3.0,2.0
0.0,0.0,3.0,2.0
0.0,0.0,-1.0,2.0
0,0.0,-1.0,2.0
0.0,0.0,-1.0,2.0
2.0,0.0,-1.0,2.0
2.0,0.0,0.0,1.0
2.0,0.0,0.0,0.0
2.0,0.0,0.0,0.0
2.0,0.0,-4.0,0.0
2.0,0.0,-4.0,0.0
2.0,0.0,-4.0,0.0
0.0,0.0,-4.0,0.0
0.0,0.0,0.0,0.0
0.0,0.0,0.0,0.0
0.0,100,0.0,0.0
100,0.0,0.0,0.0
0.0,-10.0,0.0,0.0
0.0,-10.0,0.0,0.0
0.0,-10.0,0.0,0.0
0.0,-9.0,0.0,0.0
0.0,-9.0,0.0,0.0
100,-9.0,0.0,0.0
100,-9.0,0.0,-1.0
100,-9.0,0.0,-1.0
100,1.0,0.0,-1.0
100,1.0,0.0,-1.0
100,1.0,0.0,-1.0
100,1.0,0.0,-1.0
100,1.0,0.0,-1.0
100,1.0,0.0,-1.0
100,1.0,0.0,-1.0
100,1.0,0.0,-1.0
100,1.0,0.0,-1.0
100,1.0,0.0,-1.0
100,1.0,0.0,-1.0
100,1.0,0.0,-1.0
100,1.0,0.0,-1.0
100,1.0,0.0,-1.0
100,1.0,0.0,-1.0
100,1.0,0.0,-1.0
100,1.0,0.0,-1.0
100,1.0,0.0,-1.0
100,1.0,0.0,-1.0
100,1.0,-4.0,-1.0
100,1.0,-4.0,-1.0
100,1.0,-4.0,-1.0
100,1.0,-4.0,-1.0
100,1.0,-4.0,-1.0
100,1.0,-4.0,-1.0
100,1.0,-4.0,-1.0
100,1.0,-4.0,-1.0
100,1.0,-4.0,-1.0
100,1.0,-4.0,-1.0
100,1.0,-4.0,-1.0
100,1.0,-4.0,-1.0
100,1.0,-4.0,-1.0
100,1.0,-4.0,-1.0
100,1.0,-4.0,-1.0
100,1.0,-14.0,-1.0
100,1.0,-14.0,-1.0
100,1.0,-14.0,-1.0
100,1.0,-14.0,-1.0
100,1.0,-14.0,-1.0
100,1.0,-14.0,-1.0
100,1.0,-14.0,-1.0
100,1.0,-14.0,-1.0
100,1.0,-14.0,-1.0
100,1.0,-24.0,-1.0
100,1.0,-23.0,-1.0
100,1.0,-23.0,-1.0
100,1.0,-23.0,-1.0
100,1.0,-23.0,-1.0
100,1.0,-23.0,-1.0
100,1.0,-23.0,-1.0
100,1.0,-23.0,-1.0
100,1.0,-23.0,-1.0
100,1.0,-23.0,-1.0
100,1.0,-23.0,-1.0
100,1.0,-23.0,-1.0
100,1.0,-33.0,-1.0
100,1.0,-33.0,-1.0
100,1.0,-33.0,-1.0
100,1.0,-33.0,-1.0
100,1.0,-23.0,-1.0
100,1.0,-23.0,-1.0
100,1.0,-23.0,-1.0
100,1.0,-23.0,-1.0
100,1.0,-23.0,-1.0
100,1.0,-23.0,-1.0
100,1.0,-23.0,-1.0
100,1.0,-23.0,-1.0
100,1.0,-23.0,-1.0
100,0.0,-9.0,-1.0
100,0.0,-9.0,-1.0
100,0.0,-9.0,-1.0
100,0.0,-9.0,-1.0
100,0.0,-9.0,-1.0
100,0.0,-9.0,-1.0
100,0.0,-9.0,-1.0
100,0.0,-9.0,-1.0
100,0.0,-9.0,0.0
100,0.0,-9.0,0.0
100,0.0,-9.0,0.0
100,0.0,-9.0,0.0
100,0.0,1.0,0.0
100,0.0,1.0,0.0
100,0.0,1.0,0.0
100,0.0,1.0,0.0
100,0.0,1.0,0.0
100,0.0,1.0,0.0
100,0.0,1.0,0.0
100,0.0,1.0,0.0
100,0.0,1.0,0.0
100,0.0,1.0,0.0
100,0.0,1.0,0.0
100,0.0,1.0,0.0
100,0.0,1.0,0.0
100,0.0,1.0,0.0
100,0.0,1.0,0.0
100,0.0,1.0,0.0
100,0.0,1.0,0.0
100,1.0,1.0,0.0
100,1.0,1.0,0.0
100,1.0,1.0,0.0
100,1.0,1.0,0.0
100,1.0,1.0,0.0
100,1.0,1.0,0.0
100,1.0,1.0,0.0
100,1.0,1.0,0.0
100,1.0,1.0,0.0
100,1.0,1.0,0.0
100,1.0,1.0,0.0
100,1.0,1.0,0.0
100,1.0,1.0,0.0
100,1.0,1.0,0.0
100,5.0,1.0,0.0
100,5.0,1.0,0.0
0.0,5.0,1.0,0.0
0.0,5.0,1.0,0.0
0.0,5.0,1.0,-1.0
0.0,5.0,2.0,-1.0
100,5.0,1.0,-1.0
0.0,5.0,2.0,-1.0
100,5.0,1.0,-1.0
100,5.0,2.0,-1.0
100,5.0,1.0,0.0
100,5.0,1.0,0.0
100,5.0,1.0,0.0
100,5.0,1.0,0.0
100,5.0,1.0,0.0
100,5.0,1.0,0.0
100,5.0,1.0,0.0
0.0,100,1.0,0.0
0.0,100,1.0,0.0
0.0,100,1.0,0.0
0.0,100,2.0,-1.0
0.0,100,2.0,-1.0
0.0,100,1.0,-1.0
0.0,100,1.0,-1.0
0.0,100,-3.0,-1.0
0.0,100,-5.0,1.0
0.0,100,-5.0,1.0
0.0,100,-4.0,1.0
0.0,100,-4.0,1.0
0.0,100,-10.0,2.0
0.0,100,-10.0,1.0
0.0,100,-10.0,1.0
0.0,100,-20.0,1.0
0.0,100,-20.0,1.0
0.0,100,-30.0,0.0
0.0,1.0,-25.0,0.0
0.0,1.0,-25.0,0.0
0.0,1.0,-25.0,4.0
0.0,1.0,-25.0,4.0
0.0,1.0,-25.0,4.0
0.0,0.0,-25.0,4.0
0.0,0.0,-25.0,4.0
0.0,1.0,-25.0,4.0
0.0,1.0,-25.0,4.0
0.0,1.0,-25.0,0.0
0.0,1.0,-25.0,0.0
100,1.0,-15.0,0.0
100,1.0,-25.0,0.0
100,1.0,-25.0,0.0
0.0,1.0,100,0.0
0.0,1.0,-21.0,0.0
0.0,1.0,-35.0,0.0
0.0,1.0,-25.0,0.0
0.0,1.0,-25.0,0.0
0.0,1.0,-24.0,0.0
0.0,1.0,-14.0,0.0
0.0,1.0,-10.0,0.0
0.0,0.0,6.0,0.0
0.0,0.0,6.0,0.0
4.0,0.0,6.0,0.0
4.0,0.0,-5.0,0.0
4.0,0.0,-9.0,0.0
4.0,0.0,-24.0,0.0
4.0,0.0,-24.0,0.0
4.0,0.0,-24.0,0.0
4.0,0.0,-24.0,0.0
0.0,0.0,-10.0,100
0.0,0.0,-10.0,0.0
0.0,0.0,-10.0,0.0
0.0,0.0,-10.0,0.0
0.0,0.0,-10.0,0.0
0.0,0.0,-10.0,0.0
0.0,0.0,-10.0,0.0
0.0,0.0,-10.0,0.0
1.0,0.0,0.0,0.0
2.0,0.0,0.0,0.0
2.0,0.0,1.0,0.0
2.0,0.0,0.0,0.0
2.0,0.0,0.0,0.0
1.0,0.0,-4.0,0.0
1.0,0.0,-4.0,0.0
1.0,0.0,-4.0,0.0
0.0,0.0,-4.0,0.0
0.0,0.0,0.0,4.0
0.0,0.0,0.0,4.0
0.0,0.0,0.0,4.0
0.0,0.0,-1.0,4.0
0.0,0.0,-1.0,4.0
0.0,0.0,-1.0,4.0
0.0,0.0,-1.0,4.0
0.0,0.0,0.0,0.0
0.0,0.0,0.0,0.0
0.0,0.0,-1.0,0.0
-1.0,0.0,-1.0,0.0
-1.0,0.0,-1.0,0.0
-1.0,0.0,-1.0,0.0
-1.0,0.0,-1.0,0.0
-1.0,0.0,-1.0,0.0
0.0,0.0,-1.0,0.0
0.0,0.0,-1.0,0.0
0.0,0.0,-1.0,0.0
-1.0,0.0,-1.0,0.0
-1.0,0.0,-1.0,0.0
-1.0,0.0,-1.0,0.0
-1.0,0.0,-1.0,0.0
-1.0,0.0,-1.0,0.0
-1.0,0.0,-1.0,0.0
-1.0,0.0,-1.0,0.0
-1.0,0.0,-1.0,0.0
-1.0,0.0,-1.0,0.0
-1.0,0.0,-1.0,0.0
-1.0,0.0,-1.0,0.0
-1.0,0.0,-1.0,0.0
-1.0,0.0,-1.0,0.0
-1.0,0.0,-1.0,0.0
-1.0,0.0,-1.0,0.0
-1.0,0.0,-1.0,0.0
0.0,0.0,-1.0,0.0
0.0,0.0,-1.0,0.0
0.0,0.0,-1.0,0.0
0.0,0.0,-1.0,0.0
0.0,0.0,-1.0,0.0
0.0,0.0,-1.0,0.0
0.0,0.0,-1.0,0.0
0.0,0.0,-1.0,0.0
0.0,0.0,-1.0,0.0
0.0,0.0,-1.0,0.0
0.0,0.0,-1.0,0.0
0.0,0.0,-1.0,0.0
0.0,0.0,-1.0,0.0
0.0,0.0,-1.0,0.0
0.0,0.0,-1.0,0.0
0.0,0.0,-1.0,0.0
0.0,0.0,-1.0,0.0
0.0,0.0,-1.0,0.0
0.0,0.0,-1.0,0.0
0.0,0.0,-1.0,0.0
0.0,0.0,-1.0,0.0
0.0,0.0,-1.0,0.0
0.0,0.0,-1.0,0.0
0.0,0.0,-1.0,0.0
0.0,0.0,-1.0,0.0
0.0,0.0,-1.0,0.0
0.0,0.0,-1.0,0.0
0.0,0.0,-1.0,0.0
0.0,0.0,-1.0,0.0
0.0,0.0,-1.0,0.0
0.0,0.0,-1.0,0.0
0.0,0.0,-1.0,0.0
0.0,0.0,-1.0,0.0
0.0,0.0,-1.0,0.0
0.0,0.0,-1.0,0.0
0.0,0.0,-1.0,0.0
0.0,0.0,-1.0,0.0
0.0,0.0,-1.0,0.0
0.0,0.0,-1.0,0.0
0.0,0.0,-1.0,0.0
0.0,0.0,-1.0,0.0
0.0,0.0,-1.0,0.0
0.0,0.0,-1.0,0.0
0.0,0.0,-1.0,0.0
0.0,0.0,-1.0,0.0
0.0,0.0,-1.0,0.0
0.0,0.0,-11.0,0.0
0.0,0.0,-11.0,0.0
0.0,0.0,-11.0,0.0
0.0,0.0,-11.0,0.0
0.0,0.0,-11.0,0.0
0.0,0.0,-11.0,0.0
0.0,0.0,-11.0,0.0
0.0,0.0,-11.0,0.0
0.0,0.0,-11.0,0.0
0.0,0.0,-11.0,0.0
0.0,0.0,-21.0,0.0
0.0,0.0,-21.0,0.0
0.0,0.0,-21.0,0.0
0.0,0.0,-21.0,0.0
0.0,0.0,-21.0,0.0
0.0,0.0,-21.0,0.0
0.0,0.0,-20.0,0.0
0.0,0.0,-20.0,0.0
0.0,0.0,-20.0,0.0
0.0,0.0,-20.0,0.0
0.0,0.0,-20.0,0.0
0.0,0.0,-20.0,0.0
0.0,0.0,-30.0,0.0
0.0,0.0,-30.0,0.0
0.0,0.0,-30.0,0.0
0.0,0.0,-20.0,0.0
0.0,0.0,-20.0,0.0
0.0,0.0,-20.0,0.0
0.0,0.0,-19.0,0.0
0.0,0.0,-19.0,0.0
0.0,0.0,-19.0,0.0
0.0,0.0,-19.0,0.0
0.0,0.0,-19.0,0.0
0.0,0.0,-19.0,0.0
0.0,0.0,-19.0,0.0
0.0,0.0,-9.0,0.0
0.0,0.0,-9.0,0.0
0.0,0.0,-9.0,0.0
0.0,0.0,-9.0,0.0
0.0,0.0,-9.0,0.0
0.0,0.0,-9.0,0.0
0.0,0.0,-9.0,0.0
0.0,0.0,-9.0,0.0
0.0,0.0,-9.0,0.0
0.0,0.0,-9.0,0.0
0.0,0.0,-9.0,0.0
0.0,0.0,-9.0,0.0
0.0,0.0,1.0,0.0
0.0,0.0,1.0,0.0
0.0,0.0,1.0,0.0
0.0,0.0,1.0,0.0
0.0,0.0,1.0,0.0
0.0,0.0,1.0,0.0
0.0,0.0,1.0,0.0
0.0,0.0,1.0,0.0
0.0,0.0,1.0,0.0
0.0,0.0,1.0,0.0
0.0,0.0,1.0,0.0
0.0,0.0,1.0,0.0
0.0,0.0,1.0,0.0
0.0,0.0,1.0,0.0
0.0,0.0,1.0,0.0
0.0,0.0,1.0,0.0
0.0,0.0,1.0,0.0
0.0,0.0,1.0,0.0
0.0,0.0,1.0,0.0
0.0,0.0,1.0,0.0
0.0,0.0,1.0,0.0
0.0,0.0,1.0,0.0
0.0,0.0,1.0,0.0
